year,month,district,plot_area_hectares,plants_per_hectare,variety,avg_temp,avg_humidity,total_rainfall_mm,rainy_days,avg_cloudcover,avg_solarradiation,avg_uvindex,disease_severity,baseline_yield_kg,yield_reduction_percent,adjusted_yield_kg,predicted_yield_kg
2025.0,1.0,Kandy,0.75,1776,Arabica,69.81935483870969,91.69677419354838,4.67,27,69.57096774193548,126.70645161290322,5.032258064516129,0.329,50.92,0.3,35.64,37.51
2025.0,1.0,Kandy,0.5,1840,Arabica,69.81935483870969,91.69677419354838,4.67,27,69.57096774193548,126.70645161290322,5.032258064516129,0.331,36.91,0.3,25.84,25.07
2025.0,1.0,Kandy,0.5,1777,Arabica,69.81935483870969,91.69677419354838,4.67,27,69.57096774193548,126.70645161290322,5.032258064516129,0.416,34.85,0.3,24.4,25.67
2025.0,1.0,Kandy,0.25,1815,Robusta,69.81935483870969,91.69677419354838,4.67,27,69.57096774193548,126.70645161290322,5.032258064516129,0.361,34.75,0.3,24.32,25.11
2025.0,1.0,Kandy,0.75,1868,Arabica,69.81935483870969,91.69677419354838,4.67,27,69.57096774193548,126.70645161290322,5.032258064516129,0.371,62.46,0.3,43.72,38.18
2025.0,1.0,Kandy,0.75,1688,Arabica,69.81935483870969,91.69677419354838,4.67,27,69.57096774193548,126.70645161290322,5.032258064516129,0.402,47.33,0.3,33.13,37.95
2025.0,1.0,Kandy,0.5,1956,Arabica,69.81935483870969,91.69677419354838,4.67,27,69.57096774193548,126.70645161290322,5.032258064516129,0.226,34.91,0.1,31.42,30.89
2025.0,1.0,Kandy,0.25,1922,Arabica,69.81935483870969,91.69677419354838,4.67,27,69.57096774193548,126.70645161290322,5.032258064516129,0.471,17.28,0.3,12.1,11.82
2025.0,1.0,Kandy,0.25,1736,Arabica,69.81935483870969,91.69677419354838,4.67,27,69.57096774193548,126.70645161290322,5.032258064516129,0.335,16.49,0.3,11.54,15.86
2025.0,1.0,Kandy,0.5,1931,Arabica,69.81935483870969,91.69677419354838,4.67,27,69.57096774193548,126.70645161290322,5.032258064516129,0.384,31.64,0.3,22.15,25.21
2025.0,1.0,Kandy,0.75,1639,Robusta,69.81935483870969,91.69677419354838,4.67,27,69.57096774193548,126.70645161290322,5.032258064516129,0.286,77.46,0.1,69.71,61.75
2025.0,1.0,Kandy,0.75,1825,Arabica,69.81935483870969,91.69677419354838,4.67,27,69.57096774193548,126.70645161290322,5.032258064516129,0.35,60.38,0.3,42.27,37.84
2025.0,1.0,Kandy,0.75,1637,Arabica,69.81935483870969,91.69677419354838,4.67,27,69.57096774193548,126.70645161290322,5.032258064516129,0.434,51.62,0.3,36.13,34.86
2025.0,1.0,Kandy,0.25,1775,Arabica,69.81935483870969,91.69677419354838,4.67,27,69.57096774193548,126.70645161290322,5.032258064516129,0.276,17.69,0.1,15.92,21.11
2025.0,1.0,Kandy,0.5,1636,Arabica,69.81935483870969,91.69677419354838,4.67,27,69.57096774193548,126.70645161290322,5.032258064516129,0.428,40.63,0.3,28.44,27.19
2025.0,1.0,Kandy,0.25,1883,Arabica,69.81935483870969,91.69677419354838,4.67,27,69.57096774193548,126.70645161290322,5.032258064516129,0.358,19.44,0.3,13.61,13.51
2025.0,1.0,Kandy,0.25,1713,Arabica,69.81935483870969,91.69677419354838,4.67,27,69.57096774193548,126.70645161290322,5.032258064516129,0.396,15.4,0.3,10.78,15.36
2025.0,1.0,Kandy,0.5,1948,Robusta,69.81935483870969,91.69677419354838,4.67,27,69.57096774193548,126.70645161290322,5.032258064516129,0.404,64.14,0.3,44.9,40.58
2025.0,1.0,Kandy,0.75,1655,Arabica,69.81935483870969,91.69677419354838,4.67,27,69.57096774193548,126.70645161290322,5.032258064516129,0.394,52.04,0.3,36.43,37.63
2025.0,1.0,Kandy,0.75,1836,Robusta,69.81935483870969,91.69677419354838,4.67,27,69.57096774193548,126.70645161290322,5.032258064516129,0.328,104.9,0.3,73.43,55.42
2025.0,2.0,Kandy,0.75,1935,Arabica,68.81071428571428,73.84285714285714,0.868,9,18.939285714285717,239.9857142857143,8.571428571428571,0.278,57.33,0.1,51.6,43.62
2025.0,2.0,Kandy,0.25,1658,Robusta,68.81071428571428,73.84285714285714,0.868,9,18.939285714285717,239.9857142857143,8.571428571428571,0.223,33.63,0.1,30.27,30.21
2025.0,2.0,Kandy,0.25,1868,Robusta,68.81071428571428,73.84285714285714,0.868,9,18.939285714285717,239.9857142857143,8.571428571428571,0.321,29.26,0.3,20.48,26.91
2025.0,2.0,Kandy,0.25,1780,Arabica,68.81071428571428,73.84285714285714,0.868,9,18.939285714285717,239.9857142857143,8.571428571428571,0.381,19.61,0.3,13.73,11.71
2025.0,2.0,Kandy,0.75,1754,Robusta,68.81071428571428,73.84285714285714,0.868,9,18.939285714285717,239.9857142857143,8.571428571428571,0.205,76.96,0.1,69.26,57.05
2025.0,2.0,Kandy,0.75,1732,Robusta,68.81071428571428,73.84285714285714,0.868,9,18.939285714285717,239.9857142857143,8.571428571428571,0.258,80.99,0.1,72.89,58.15
2025.0,2.0,Kandy,0.5,1848,Arabica,68.81071428571428,73.84285714285714,0.868,9,18.939285714285717,239.9857142857143,8.571428571428571,0.287,33.36,0.1,30.02,32.94
2025.0,2.0,Kandy,0.75,1993,Robusta,68.81071428571428,73.84285714285714,0.868,9,18.939285714285717,239.9857142857143,8.571428571428571,0.305,77.88,0.3,54.52,58.31
2025.0,2.0,Kandy,0.25,1757,Robusta,68.81071428571428,73.84285714285714,0.868,9,18.939285714285717,239.9857142857143,8.571428571428571,0.34,27.94,0.3,19.56,27.17
2025.0,2.0,Kandy,0.5,1955,Arabica,68.81071428571428,73.84285714285714,0.868,9,18.939285714285717,239.9857142857143,8.571428571428571,0.289,39.54,0.1,35.59,33.07
2025.0,2.0,Kandy,0.25,1611,Arabica,68.81071428571428,73.84285714285714,0.868,9,18.939285714285717,239.9857142857143,8.571428571428571,0.28,20.51,0.1,18.46,16.85
2025.0,2.0,Kandy,0.25,1645,Arabica,68.81071428571428,73.84285714285714,0.868,9,18.939285714285717,239.9857142857143,8.571428571428571,0.351,16.49,0.3,11.54,13.07
2025.0,2.0,Kandy,0.25,1616,Arabica,68.81071428571428,73.84285714285714,0.868,9,18.939285714285717,239.9857142857143,8.571428571428571,0.329,16.24,0.3,11.37,11.91
2025.0,2.0,Kandy,0.5,1787,Arabica,68.81071428571428,73.84285714285714,0.868,9,18.939285714285717,239.9857142857143,8.571428571428571,0.323,32.67,0.3,22.87,25.36
2025.0,2.0,Kandy,0.25,1762,Arabica,68.81071428571428,73.84285714285714,0.868,9,18.939285714285717,239.9857142857143,8.571428571428571,0.302,16.32,0.3,11.42,12.44
2025.0,2.0,Kandy,0.75,1673,Arabica,68.81071428571428,73.84285714285714,0.868,9,18.939285714285717,239.9857142857143,8.571428571428571,0.345,44.42,0.3,31.09,35.21
2025.0,2.0,Kandy,0.5,1918,Arabica,68.81071428571428,73.84285714285714,0.868,9,18.939285714285717,239.9857142857143,8.571428571428571,0.263,40.75,0.1,36.68,32.26
2025.0,2.0,Kandy,0.75,1821,Robusta,68.81071428571428,73.84285714285714,0.868,9,18.939285714285717,239.9857142857143,8.571428571428571,0.257,83.01,0.1,74.71,57.66
2025.0,2.0,Kandy,0.5,1795,Arabica,68.81071428571428,73.84285714285714,0.868,9,18.939285714285717,239.9857142857143,8.571428571428571,0.334,34.42,0.3,24.09,24.24
2025.0,2.0,Kandy,0.5,1923,Arabica,68.81071428571428,73.84285714285714,0.868,9,18.939285714285717,239.9857142857143,8.571428571428571,0.215,29.29,0.1,26.36,32.41
2025.0,3.0,Kandy,0.25,1611,Arabica,70.31290322580645,81.90322580645162,5.46,23,26.00967741935484,241.6516129032258,8.741935483870968,0.338,19.95,0.3,13.96,12.51
2025.0,3.0,Kandy,0.5,1973,Arabica,70.31290322580645,81.90322580645162,5.46,23,26.00967741935484,241.6516129032258,8.741935483870968,0.317,38.31,0.3,26.82,26.79
2025.0,3.0,Kandy,0.5,1719,Arabica,70.31290322580645,81.90322580645162,5.46,23,26.00967741935484,241.6516129032258,8.741935483870968,0.263,41.0,0.1,36.9,33.06
2025.0,3.0,Kandy,0.5,1869,Robusta,70.31290322580645,81.90322580645162,5.46,23,26.00967741935484,241.6516129032258,8.741935483870968,0.287,69.54,0.1,62.59,50.34
2025.0,3.0,Kandy,0.25,1803,Robusta,70.31290322580645,81.90322580645162,5.46,23,26.00967741935484,241.6516129032258,8.741935483870968,0.328,28.92,0.3,20.24,24.78
2025.0,3.0,Kandy,0.75,1980,Arabica,70.31290322580645,81.90322580645162,5.46,23,26.00967741935484,241.6516129032258,8.741935483870968,0.385,48.4,0.3,33.88,39.78
2025.0,3.0,Kandy,0.25,1994,Robusta,70.31290322580645,81.90322580645162,5.46,23,26.00967741935484,241.6516129032258,8.741935483870968,0.3,33.72,0.3,23.6,27.91
2025.0,3.0,Kandy,0.75,1678,Robusta,70.31290322580645,81.90322580645162,5.46,23,26.00967741935484,241.6516129032258,8.741935483870968,0.394,88.65,0.3,62.06,60.02
2025.0,3.0,Kandy,0.75,1657,Arabica,70.31290322580645,81.90322580645162,5.46,23,26.00967741935484,241.6516129032258,8.741935483870968,0.336,54.37,0.3,38.06,35.16
2025.0,3.0,Kandy,0.5,1825,Robusta,70.31290322580645,81.90322580645162,5.46,23,26.00967741935484,241.6516129032258,8.741935483870968,0.399,50.16,0.3,35.11,44.81
2025.0,3.0,Kandy,0.25,1698,Arabica,70.31290322580645,81.90322580645162,5.46,23,26.00967741935484,241.6516129032258,8.741935483870968,0.303,14.97,0.3,10.48,14.97
2025.0,3.0,Kandy,0.75,1870,Robusta,70.31290322580645,81.90322580645162,5.46,23,26.00967741935484,241.6516129032258,8.741935483870968,0.331,95.08,0.3,66.56,55.1
2025.0,3.0,Kandy,0.25,1674,Arabica,70.31290322580645,81.90322580645162,5.46,23,26.00967741935484,241.6516129032258,8.741935483870968,0.351,18.12,0.3,12.68,12.81
2025.0,3.0,Kandy,0.5,1774,Arabica,70.31290322580645,81.90322580645162,5.46,23,26.00967741935484,241.6516129032258,8.741935483870968,0.324,38.56,0.3,26.99,25.28
2025.0,3.0,Kandy,0.5,1626,Robusta,70.31290322580645,81.90322580645162,5.46,23,26.00967741935484,241.6516129032258,8.741935483870968,0.381,53.3,0.3,37.31,45.99
2025.0,3.0,Kandy,0.5,1835,Arabica,70.31290322580645,81.90322580645162,5.46,23,26.00967741935484,241.6516129032258,8.741935483870968,0.223,35.58,0.1,32.02,34.69
2025.0,3.0,Kandy,0.25,1620,Robusta,70.31290322580645,81.90322580645162,5.46,23,26.00967741935484,241.6516129032258,8.741935483870968,0.454,27.43,0.3,19.2,25.66
2025.0,3.0,Kandy,0.25,1683,Arabica,70.31290322580645,81.90322580645162,5.46,23,26.00967741935484,241.6516129032258,8.741935483870968,0.376,15.17,0.3,10.62,12.22
2025.0,3.0,Kandy,0.25,1986,Arabica,70.31290322580645,81.90322580645162,5.46,23,26.00967741935484,241.6516129032258,8.741935483870968,0.324,17.15,0.3,12.0,14.32
2025.0,3.0,Kandy,0.5,1979,Robusta,70.31290322580645,81.90322580645162,5.46,23,26.00967741935484,241.6516129032258,8.741935483870968,0.305,54.08,0.3,37.86,49.23
2025.0,4.0,Kandy,0.5,1762,Arabica,71.83999999999999,90.02333333333333,3.3040000000000003,30,29.466666666666665,227.20333333333332,8.533333333333333,0.32,31.94,0.3,22.36,25.81
2025.0,4.0,Kandy,0.25,1879,Arabica,71.83999999999999,90.02333333333333,3.3040000000000003,30,29.466666666666665,227.20333333333332,8.533333333333333,0.396,16.57,0.3,11.6,12.5
2025.0,4.0,Kandy,0.75,1807,Arabica,71.83999999999999,90.02333333333333,3.3040000000000003,30,29.466666666666665,227.20333333333332,8.533333333333333,0.413,48.61,0.3,34.03,36.5
2025.0,4.0,Kandy,0.5,1744,Arabica,71.83999999999999,90.02333333333333,3.3040000000000003,30,29.466666666666665,227.20333333333332,8.533333333333333,0.355,30.26,0.3,21.18,25.17
2025.0,4.0,Kandy,0.75,1626,Robusta,71.83999999999999,90.02333333333333,3.3040000000000003,30,29.466666666666665,227.20333333333332,8.533333333333333,0.419,78.37,0.3,54.86,65.91
2025.0,4.0,Kandy,0.75,1986,Robusta,71.83999999999999,90.02333333333333,3.3040000000000003,30,29.466666666666665,227.20333333333332,8.533333333333333,0.318,82.25,0.3,57.58,62.33
2025.0,4.0,Kandy,0.25,1623,Robusta,71.83999999999999,90.02333333333333,3.3040000000000003,30,29.466666666666665,227.20333333333332,8.533333333333333,0.309,25.63,0.3,17.94,26.66
2025.0,4.0,Kandy,0.75,1645,Arabica,71.83999999999999,90.02333333333333,3.3040000000000003,30,29.466666666666665,227.20333333333332,8.533333333333333,0.454,55.5,0.3,38.85,34.71
2025.0,4.0,Kandy,0.5,1805,Arabica,71.83999999999999,90.02333333333333,3.3040000000000003,30,29.466666666666665,227.20333333333332,8.533333333333333,0.393,32.76,0.3,22.93,22.75
2025.0,4.0,Kandy,0.5,1835,Arabica,71.83999999999999,90.02333333333333,3.3040000000000003,30,29.466666666666665,227.20333333333332,8.533333333333333,0.433,32.66,0.3,22.86,24.73
2025.0,4.0,Kandy,0.25,1765,Arabica,71.83999999999999,90.02333333333333,3.3040000000000003,30,29.466666666666665,227.20333333333332,8.533333333333333,0.321,16.66,0.3,11.66,13.64
2025.0,4.0,Kandy,0.75,1813,Arabica,71.83999999999999,90.02333333333333,3.3040000000000003,30,29.466666666666665,227.20333333333332,8.533333333333333,0.317,56.18,0.3,39.33,35.39
2025.0,4.0,Kandy,0.25,1985,Robusta,71.83999999999999,90.02333333333333,3.3040000000000003,30,29.466666666666665,227.20333333333332,8.533333333333333,0.345,35.88,0.3,25.12,23.66
2025.0,4.0,Kandy,0.75,1663,Arabica,71.83999999999999,90.02333333333333,3.3040000000000003,30,29.466666666666665,227.20333333333332,8.533333333333333,0.322,57.98,0.3,40.59,35.35
2025.0,4.0,Kandy,0.25,1873,Arabica,71.83999999999999,90.02333333333333,3.3040000000000003,30,29.466666666666665,227.20333333333332,8.533333333333333,0.399,19.13,0.3,13.39,12.4
2025.0,4.0,Kandy,0.5,1965,Robusta,71.83999999999999,90.02333333333333,3.3040000000000003,30,29.466666666666665,227.20333333333332,8.533333333333333,0.326,62.11,0.3,43.48,46.26
2025.0,4.0,Kandy,0.5,1631,Arabica,71.83999999999999,90.02333333333333,3.3040000000000003,30,29.466666666666665,227.20333333333332,8.533333333333333,0.305,37.84,0.3,26.49,27.76
2025.0,4.0,Kandy,0.25,1888,Robusta,71.83999999999999,90.02333333333333,3.3040000000000003,30,29.466666666666665,227.20333333333332,8.533333333333333,0.37,31.91,0.3,22.34,22.55
2025.0,4.0,Kandy,0.25,1991,Robusta,71.83999999999999,90.02333333333333,3.3040000000000003,30,29.466666666666665,227.20333333333332,8.533333333333333,0.299,27.7,0.1,24.93,25.98
2025.0,4.0,Kandy,0.75,1687,Arabica,71.83999999999999,90.02333333333333,3.3040000000000003,30,29.466666666666665,227.20333333333332,8.533333333333333,0.273,47.66,0.1,42.89,47.11
2025.0,5.0,Kandy,0.25,1645,Arabica,72.51612903225806,79.52580645161291,9.509,30,41.380645161290325,220.7516129032258,8.064516129032258,0.334,16.44,0.3,11.51,13.16
2025.0,5.0,Kandy,0.5,1685,Arabica,72.51612903225806,79.52580645161291,9.509,30,41.380645161290325,220.7516129032258,8.064516129032258,0.24,40.55,0.1,36.49,33.67
2025.0,5.0,Kandy,0.25,1801,Robusta,72.51612903225806,79.52580645161291,9.509,30,41.380645161290325,220.7516129032258,8.064516129032258,0.366,31.84,0.3,22.29,20.64
2025.0,5.0,Kandy,0.5,1952,Arabica,72.51612903225806,79.52580645161291,9.509,30,41.380645161290325,220.7516129032258,8.064516129032258,0.258,38.34,0.1,34.51,31.87
2025.0,5.0,Kandy,0.25,1832,Arabica,72.51612903225806,79.52580645161291,9.509,30,41.380645161290325,220.7516129032258,8.064516129032258,0.216,16.75,0.1,15.08,16.34
2025.0,5.0,Kandy,0.25,1676,Arabica,72.51612903225806,79.52580645161291,9.509,30,41.380645161290325,220.7516129032258,8.064516129032258,0.313,17.13,0.3,11.99,13.38
2025.0,5.0,Kandy,0.5,1702,Arabica,72.51612903225806,79.52580645161291,9.509,30,41.380645161290325,220.7516129032258,8.064516129032258,0.335,30.74,0.3,21.52,24.56
2025.0,5.0,Kandy,0.75,1689,Arabica,72.51612903225806,79.52580645161291,9.509,30,41.380645161290325,220.7516129032258,8.064516129032258,0.352,46.96,0.3,32.87,35.2
2025.0,5.0,Kandy,0.5,1742,Arabica,72.51612903225806,79.52580645161291,9.509,30,41.380645161290325,220.7516129032258,8.064516129032258,0.336,39.51,0.3,27.66,24.78
2025.0,5.0,Kandy,0.75,1904,Robusta,72.51612903225806,79.52580645161291,9.509,30,41.380645161290325,220.7516129032258,8.064516129032258,0.275,96.93,0.1,87.24,66.76
2025.0,5.0,Kandy,0.25,1722,Arabica,72.51612903225806,79.52580645161291,9.509,30,41.380645161290325,220.7516129032258,8.064516129032258,0.363,16.69,0.3,11.68,10.76
2025.0,5.0,Kandy,0.5,1672,Arabica,72.51612903225806,79.52580645161291,9.509,30,41.380645161290325,220.7516129032258,8.064516129032258,0.376,39.2,0.3,27.44,24.95
2025.0,5.0,Kandy,0.25,1969,Robusta,72.51612903225806,79.52580645161291,9.509,30,41.380645161290325,220.7516129032258,8.064516129032258,0.267,28.08,0.1,25.27,27.1
2025.0,5.0,Kandy,0.5,1947,Robusta,72.51612903225806,79.52580645161291,9.509,30,41.380645161290325,220.7516129032258,8.064516129032258,0.319,74.4,0.3,52.08,41.92
2025.0,5.0,Kandy,0.5,1710,Robusta,72.51612903225806,79.52580645161291,9.509,30,41.380645161290325,220.7516129032258,8.064516129032258,0.314,58.62,0.3,41.03,41.71
2025.0,5.0,Kandy,0.75,1683,Arabica,72.51612903225806,79.52580645161291,9.509,30,41.380645161290325,220.7516129032258,8.064516129032258,0.339,50.07,0.3,35.05,33.62
2025.0,5.0,Kandy,0.5,1913,Robusta,72.51612903225806,79.52580645161291,9.509,30,41.380645161290325,220.7516129032258,8.064516129032258,0.317,57.8,0.3,40.46,42.64
2025.0,5.0,Kandy,0.75,1602,Arabica,72.51612903225806,79.52580645161291,9.509,30,41.380645161290325,220.7516129032258,8.064516129032258,0.324,46.04,0.3,32.23,34.13
2025.0,5.0,Kandy,0.5,1613,Arabica,72.51612903225806,79.52580645161291,9.509,30,41.380645161290325,220.7516129032258,8.064516129032258,0.36,30.56,0.3,21.39,25.14
2025.0,5.0,Kandy,0.5,1611,Arabica,72.51612903225806,79.52580645161291,9.509,30,41.380645161290325,220.7516129032258,8.064516129032258,0.272,37.27,0.1,33.54,32.06
2025.0,6.0,Kandy,0.25,1624,Robusta,71.08666666666666,76.41666666666667,4.388,25,31.35666666666667,226.1733333333333,8.066666666666666,0.347,35.94,0.3,25.16,23.63
2025.0,6.0,Kandy,0.5,1746,Robusta,71.08666666666666,76.41666666666667,4.388,25,31.35666666666667,226.1733333333333,8.066666666666666,0.367,69.76,0.3,48.83,45.7
2025.0,6.0,Kandy,0.25,1991,Robusta,71.08666666666666,76.41666666666667,4.388,25,31.35666666666667,226.1733333333333,8.066666666666666,0.392,26.76,0.3,18.73,25.32
2025.0,6.0,Kandy,0.25,1782,Arabica,71.08666666666666,76.41666666666667,4.388,25,31.35666666666667,226.1733333333333,8.066666666666666,0.203,17.99,0.1,16.19,17.07
2025.0,6.0,Kandy,0.5,1810,Arabica,71.08666666666666,76.41666666666667,4.388,25,31.35666666666667,226.1733333333333,8.066666666666666,0.301,30.49,0.3,21.34,28.3
2025.0,6.0,Kandy,0.25,1658,Arabica,71.08666666666666,76.41666666666667,4.388,25,31.35666666666667,226.1733333333333,8.066666666666666,0.212,14.87,0.1,13.38,16.52
2025.0,6.0,Kandy,0.5,1842,Arabica,71.08666666666666,76.41666666666667,4.388,25,31.35666666666667,226.1733333333333,8.066666666666666,0.188,37.37,0.1,33.63,33.27
2025.0,6.0,Kandy,0.25,1806,Arabica,71.08666666666666,76.41666666666667,4.388,25,31.35666666666667,226.1733333333333,8.066666666666666,0.317,17.93,0.3,12.55,13.45
2025.0,6.0,Kandy,0.25,1949,Robusta,71.08666666666666,76.41666666666667,4.388,25,31.35666666666667,226.1733333333333,8.066666666666666,0.29,26.03,0.1,23.43,28.62
2025.0,6.0,Kandy,0.5,1623,Arabica,71.08666666666666,76.41666666666667,4.388,25,31.35666666666667,226.1733333333333,8.066666666666666,0.325,29.6,0.3,20.72,25.04
2025.0,6.0,Kandy,0.5,1619,Arabica,71.08666666666666,76.41666666666667,4.388,25,31.35666666666667,226.1733333333333,8.066666666666666,0.334,41.54,0.3,29.08,23.76
2025.0,6.0,Kandy,0.5,1776,Arabica,71.08666666666666,76.41666666666667,4.388,25,31.35666666666667,226.1733333333333,8.066666666666666,0.372,29.54,0.3,20.68,25.31
2025.0,6.0,Kandy,0.25,1849,Robusta,71.08666666666666,76.41666666666667,4.388,25,31.35666666666667,226.1733333333333,8.066666666666666,0.313,30.56,0.3,21.39,24.4
2025.0,6.0,Kandy,0.5,1934,Robusta,71.08666666666666,76.41666666666667,4.388,25,31.35666666666667,226.1733333333333,8.066666666666666,0.456,62.62,0.3,43.83,37.12
2025.0,6.0,Kandy,0.5,1894,Arabica,71.08666666666666,76.41666666666667,4.388,25,31.35666666666667,226.1733333333333,8.066666666666666,0.325,30.63,0.3,21.44,24.9
2025.0,6.0,Kandy,0.75,1785,Robusta,71.08666666666666,76.41666666666667,4.388,25,31.35666666666667,226.1733333333333,8.066666666666666,0.402,81.34,0.3,56.94,58.07
2025.0,6.0,Kandy,0.75,1836,Arabica,71.08666666666666,76.41666666666667,4.388,25,31.35666666666667,226.1733333333333,8.066666666666666,0.193,50.35,0.1,45.32,41.48
2025.0,6.0,Kandy,0.25,1998,Arabica,71.08666666666666,76.41666666666667,4.388,25,31.35666666666667,226.1733333333333,8.066666666666666,0.378,19.34,0.3,13.54,12.19
2025.0,6.0,Kandy,0.5,1607,Arabica,71.08666666666666,76.41666666666667,4.388,25,31.35666666666667,226.1733333333333,8.066666666666666,0.301,35.51,0.3,24.86,29.25
2025.0,6.0,Kandy,0.5,1686,Arabica,71.08666666666666,76.41666666666667,4.388,25,31.35666666666667,226.1733333333333,8.066666666666666,0.213,37.14,0.1,33.43,35.35
2025.0,7.0,Kandy,0.5,1933,Arabica,70.73548387096774,74.29677419354839,2.282,25,30.654838709677417,228.34193548387097,7.935483870967742,0.32,41.48,0.3,29.04,25.84
2025.0,7.0,Kandy,0.25,1924,Arabica,70.73548387096774,74.29677419354839,2.282,25,30.654838709677417,228.34193548387097,7.935483870967742,0.284,19.38,0.1,17.44,17.95
2025.0,7.0,Kandy,0.25,1917,Arabica,70.73548387096774,74.29677419354839,2.282,25,30.654838709677417,228.34193548387097,7.935483870967742,0.328,17.3,0.3,12.11,13.38
2025.0,7.0,Kandy,0.25,1710,Arabica,70.73548387096774,74.29677419354839,2.282,25,30.654838709677417,228.34193548387097,7.935483870967742,0.35,17.37,0.3,12.16,13.93
2025.0,7.0,Kandy,0.75,1683,Arabica,70.73548387096774,74.29677419354839,2.282,25,30.654838709677417,228.34193548387097,7.935483870967742,0.225,55.35,0.1,49.82,43.52
2025.0,7.0,Kandy,0.5,1744,Arabica,70.73548387096774,74.29677419354839,2.282,25,30.654838709677417,228.34193548387097,7.935483870967742,0.35,37.48,0.3,26.24,26.5
2025.0,7.0,Kandy,0.25,1627,Arabica,70.73548387096774,74.29677419354839,2.282,25,30.654838709677417,228.34193548387097,7.935483870967742,0.3,17.71,0.3,12.4,13.59
2025.0,7.0,Kandy,0.25,1860,Arabica,70.73548387096774,74.29677419354839,2.282,25,30.654838709677417,228.34193548387097,7.935483870967742,0.367,18.61,0.3,13.03,12.37
2025.0,7.0,Kandy,0.25,1902,Arabica,70.73548387096774,74.29677419354839,2.282,25,30.654838709677417,228.34193548387097,7.935483870967742,0.289,14.73,0.1,13.26,18.41
2025.0,7.0,Kandy,0.5,1794,Arabica,70.73548387096774,74.29677419354839,2.282,25,30.654838709677417,228.34193548387097,7.935483870967742,0.276,34.54,0.1,31.09,35.02
2025.0,7.0,Kandy,0.5,1692,Arabica,70.73548387096774,74.29677419354839,2.282,25,30.654838709677417,228.34193548387097,7.935483870967742,0.301,32.65,0.3,22.85,29.48
2025.0,7.0,Kandy,0.5,1960,Arabica,70.73548387096774,74.29677419354839,2.282,25,30.654838709677417,228.34193548387097,7.935483870967742,0.305,30.78,0.3,21.55,28.57
2025.0,7.0,Kandy,0.75,1600,Arabica,70.73548387096774,74.29677419354839,2.282,25,30.654838709677417,228.34193548387097,7.935483870967742,0.266,45.62,0.1,41.06,39.11
2025.0,7.0,Kandy,0.5,1883,Arabica,70.73548387096774,74.29677419354839,2.282,25,30.654838709677417,228.34193548387097,7.935483870967742,0.275,36.71,0.1,33.04,34.68
2025.0,7.0,Kandy,0.25,1774,Arabica,70.73548387096774,74.29677419354839,2.282,25,30.654838709677417,228.34193548387097,7.935483870967742,0.238,17.86,0.1,16.07,15.59
2025.0,7.0,Kandy,0.25,1904,Robusta,70.73548387096774,74.29677419354839,2.282,25,30.654838709677417,228.34193548387097,7.935483870967742,0.278,28.17,0.1,25.35,27.68
2025.0,7.0,Kandy,0.75,1806,Arabica,70.73548387096774,74.29677419354839,2.282,25,30.654838709677417,228.34193548387097,7.935483870967742,0.333,52.58,0.3,36.81,34.8
2025.0,7.0,Kandy,0.75,1969,Robusta,70.73548387096774,74.29677419354839,2.282,25,30.654838709677417,228.34193548387097,7.935483870967742,0.293,93.46,0.1,84.11,60.37
2025.0,7.0,Kandy,0.25,1892,Robusta,70.73548387096774,74.29677419354839,2.282,25,30.654838709677417,228.34193548387097,7.935483870967742,0.35,27.44,0.3,19.21,23.83
2025.0,7.0,Kandy,0.25,1600,Arabica,70.73548387096774,74.29677419354839,2.282,25,30.654838709677417,228.34193548387097,7.935483870967742,0.29,18.66,0.1,16.79,18.01
2025.0,8.0,Kandy,0.5,1844,Arabica,71.51290322580645,79.94516129032259,2.495,22,46.983870967741936,246.40967741935484,8.67741935483871,0.251,38.93,0.1,35.04,31.33
2025.0,8.0,Kandy,0.25,1778,Arabica,71.51290322580645,79.94516129032259,2.495,22,46.983870967741936,246.40967741935484,8.67741935483871,0.352,19.53,0.3,13.67,11.55
2025.0,8.0,Kandy,0.5,1875,Robusta,71.51290322580645,79.94516129032259,2.495,22,46.983870967741936,246.40967741935484,8.67741935483871,0.289,65.06,0.1,58.55,49.94
2025.0,8.0,Kandy,0.75,1898,Arabica,71.51290322580645,79.94516129032259,2.495,22,46.983870967741936,246.40967741935484,8.67741935483871,0.311,53.34,0.3,37.34,37.29
2025.0,8.0,Kandy,0.25,1905,Robusta,71.51290322580645,79.94516129032259,2.495,22,46.983870967741936,246.40967741935484,8.67741935483871,0.384,25.76,0.3,18.03,24.43
2025.0,8.0,Kandy,0.75,1822,Arabica,71.51290322580645,79.94516129032259,2.495,22,46.983870967741936,246.40967741935484,8.67741935483871,0.264,49.15,0.1,44.24,43.53
2025.0,8.0,Kandy,0.75,1777,Arabica,71.51290322580645,79.94516129032259,2.495,22,46.983870967741936,246.40967741935484,8.67741935483871,0.331,45.5,0.3,31.85,36.75
2025.0,8.0,Kandy,0.5,1939,Arabica,71.51290322580645,79.94516129032259,2.495,22,46.983870967741936,246.40967741935484,8.67741935483871,0.32,41.21,0.3,28.85,25.05
2025.0,8.0,Kandy,0.5,1900,Arabica,71.51290322580645,79.94516129032259,2.495,22,46.983870967741936,246.40967741935484,8.67741935483871,0.357,30.86,0.3,21.6,23.92
2025.0,8.0,Kandy,0.5,1833,Robusta,71.51290322580645,79.94516129032259,2.495,22,46.983870967741936,246.40967741935484,8.67741935483871,0.365,53.79,0.3,37.65,44.15
2025.0,8.0,Kandy,0.5,1940,Arabica,71.51290322580645,79.94516129032259,2.495,22,46.983870967741936,246.40967741935484,8.67741935483871,0.335,40.29,0.3,28.2,24.73
2025.0,8.0,Kandy,0.25,1951,Arabica,71.51290322580645,79.94516129032259,2.495,22,46.983870967741936,246.40967741935484,8.67741935483871,0.304,20.48,0.3,14.34,13.46
2025.0,8.0,Kandy,0.75,1685,Arabica,71.51290322580645,79.94516129032259,2.495,22,46.983870967741936,246.40967741935484,8.67741935483871,0.346,58.11,0.3,40.68,36.64
2025.0,8.0,Kandy,0.25,1910,Robusta,71.51290322580645,79.94516129032259,2.495,22,46.983870967741936,246.40967741935484,8.67741935483871,0.389,25.07,0.3,17.55,24.63
2025.0,8.0,Kandy,0.75,1713,Arabica,71.51290322580645,79.94516129032259,2.495,22,46.983870967741936,246.40967741935484,8.67741935483871,0.321,43.78,0.3,30.65,37.08
2025.0,8.0,Kandy,0.5,1735,Robusta,71.51290322580645,79.94516129032259,2.495,22,46.983870967741936,246.40967741935484,8.67741935483871,0.309,59.45,0.3,41.62,47.0
2025.0,8.0,Kandy,0.25,1675,Arabica,71.51290322580645,79.94516129032259,2.495,22,46.983870967741936,246.40967741935484,8.67741935483871,0.342,15.48,0.3,10.84,12.61
2025.0,8.0,Kandy,0.25,1901,Robusta,71.51290322580645,79.94516129032259,2.495,22,46.983870967741936,246.40967741935484,8.67741935483871,0.324,25.23,0.3,17.66,25.77
2025.0,8.0,Kandy,0.25,1746,Robusta,71.51290322580645,79.94516129032259,2.495,22,46.983870967741936,246.40967741935484,8.67741935483871,0.255,30.8,0.1,27.72,29.31
2025.0,8.0,Kandy,0.5,1652,Arabica,71.51290322580645,79.94516129032259,2.495,22,46.983870967741936,246.40967741935484,8.67741935483871,0.334,40.95,0.3,28.66,25.65
2025.0,9.0,Kandy,0.25,1689,Arabica,69.70666666666666,81.21000000000001,3.238,27,34.61333333333334,240.47333333333333,8.666666666666666,0.261,16.61,0.1,14.95,18.1
2025.0,9.0,Kandy,0.5,1791,Arabica,69.70666666666666,81.21000000000001,3.238,27,34.61333333333334,240.47333333333333,8.666666666666666,0.347,37.43,0.3,26.2,26.44
2025.0,9.0,Kandy,0.25,1760,Arabica,69.70666666666666,81.21000000000001,3.238,27,34.61333333333334,240.47333333333333,8.666666666666666,0.288,18.66,0.1,16.79,19.37
2025.0,9.0,Kandy,0.25,1672,Arabica,69.70666666666666,81.21000000000001,3.238,27,34.61333333333334,240.47333333333333,8.666666666666666,0.33,16.15,0.3,11.3,13.44
2025.0,9.0,Kandy,0.75,1923,Arabica,69.70666666666666,81.21000000000001,3.238,27,34.61333333333334,240.47333333333333,8.666666666666666,0.348,55.95,0.3,39.16,36.87
2025.0,9.0,Kandy,0.5,1731,Arabica,69.70666666666666,81.21000000000001,3.238,27,34.61333333333334,240.47333333333333,8.666666666666666,0.451,31.82,0.3,22.27,25.79
2025.0,9.0,Kandy,0.5,1681,Robusta,69.70666666666666,81.21000000000001,3.238,27,34.61333333333334,240.47333333333333,8.666666666666666,0.365,53.05,0.3,37.14,46.84
2025.0,9.0,Kandy,0.75,1938,Robusta,69.70666666666666,81.21000000000001,3.238,27,34.61333333333334,240.47333333333333,8.666666666666666,0.396,101.3,0.3,70.91,57.67
2025.0,9.0,Kandy,0.25,1943,Arabica,69.70666666666666,81.21000000000001,3.238,27,34.61333333333334,240.47333333333333,8.666666666666666,0.422,15.29,0.3,10.7,11.37
2025.0,9.0,Kandy,0.75,1688,Arabica,69.70666666666666,81.21000000000001,3.238,27,34.61333333333334,240.47333333333333,8.666666666666666,0.353,62.44,0.3,43.71,35.19
2025.0,9.0,Kandy,0.25,1675,Arabica,69.70666666666666,81.21000000000001,3.238,27,34.61333333333334,240.47333333333333,8.666666666666666,0.342,15.73,0.3,11.01,12.43
2025.0,9.0,Kandy,0.75,1915,Arabica,69.70666666666666,81.21000000000001,3.238,27,34.61333333333334,240.47333333333333,8.666666666666666,0.275,54.89,0.1,49.4,46.55
2025.0,9.0,Kandy,0.25,1904,Arabica,69.70666666666666,81.21000000000001,3.238,27,34.61333333333334,240.47333333333333,8.666666666666666,0.322,17.15,0.3,12.0,13.26
2025.0,9.0,Kandy,0.75,1701,Arabica,69.70666666666666,81.21000000000001,3.238,27,34.61333333333334,240.47333333333333,8.666666666666666,0.292,46.12,0.1,41.51,44.18
2025.0,9.0,Kandy,0.75,1709,Arabica,69.70666666666666,81.21000000000001,3.238,27,34.61333333333334,240.47333333333333,8.666666666666666,0.308,44.27,0.3,30.99,39.53
2025.0,9.0,Kandy,0.5,1864,Arabica,69.70666666666666,81.21000000000001,3.238,27,34.61333333333334,240.47333333333333,8.666666666666666,0.422,36.95,0.3,25.86,24.43
2025.0,9.0,Kandy,0.5,1927,Arabica,69.70666666666666,81.21000000000001,3.238,27,34.61333333333334,240.47333333333333,8.666666666666666,0.334,39.25,0.3,27.48,24.35
2025.0,9.0,Kandy,0.5,1716,Robusta,69.70666666666666,81.21000000000001,3.238,27,34.61333333333334,240.47333333333333,8.666666666666666,0.284,71.05,0.1,63.94,54.56
2025.0,9.0,Kandy,0.25,1611,Arabica,69.70666666666666,81.21000000000001,3.238,27,34.61333333333334,240.47333333333333,8.666666666666666,0.397,17.6,0.3,12.32,11.68
2025.0,9.0,Kandy,0.25,1899,Arabica,69.70666666666666,81.21000000000001,3.238,27,34.61333333333334,240.47333333333333,8.666666666666666,0.376,19.44,0.3,13.61,11.35
2025.0,10.0,Kandy,0.75,1942,Robusta,69.4483870967742,83.92258064516129,10.742,26,34.83870967741935,209.1935483870968,7.838709677419355,0.397,100.23,0.3,70.16,53.07
2025.0,10.0,Kandy,0.5,1963,Robusta,69.4483870967742,83.92258064516129,10.742,26,34.83870967741935,209.1935483870968,7.838709677419355,0.246,68.11,0.1,61.3,50.57
2025.0,10.0,Kandy,0.25,1620,Arabica,69.4483870967742,83.92258064516129,10.742,26,34.83870967741935,209.1935483870968,7.838709677419355,0.444,17.66,0.3,12.36,12.62
2025.0,10.0,Kandy,0.75,1935,Arabica,69.4483870967742,83.92258064516129,10.742,26,34.83870967741935,209.1935483870968,7.838709677419355,0.319,55.63,0.3,38.94,37.13
2025.0,10.0,Kandy,0.75,1880,Arabica,69.4483870967742,83.92258064516129,10.742,26,34.83870967741935,209.1935483870968,7.838709677419355,0.385,58.85,0.3,41.2,37.42
2025.0,10.0,Kandy,0.75,1870,Arabica,69.4483870967742,83.92258064516129,10.742,26,34.83870967741935,209.1935483870968,7.838709677419355,0.473,51.21,0.3,35.85,36.16
2025.0,10.0,Kandy,0.25,1874,Arabica,69.4483870967742,83.92258064516129,10.742,26,34.83870967741935,209.1935483870968,7.838709677419355,0.454,19.62,0.3,13.73,11.94
2025.0,10.0,Kandy,0.25,1972,Arabica,69.4483870967742,83.92258064516129,10.742,26,34.83870967741935,209.1935483870968,7.838709677419355,0.298,18.28,0.1,16.45,15.59
2025.0,10.0,Kandy,0.75,1756,Robusta,69.4483870967742,83.92258064516129,10.742,26,34.83870967741935,209.1935483870968,7.838709677419355,0.274,81.22,0.1,73.1,62.82
2025.0,10.0,Kandy,0.75,1735,Arabica,69.4483870967742,83.92258064516129,10.742,26,34.83870967741935,209.1935483870968,7.838709677419355,0.418,44.21,0.3,30.95,38.54
2025.0,10.0,Kandy,0.5,1745,Arabica,69.4483870967742,83.92258064516129,10.742,26,34.83870967741935,209.1935483870968,7.838709677419355,0.354,33.7,0.3,23.59,25.43
2025.0,10.0,Kandy,0.25,1731,Robusta,69.4483870967742,83.92258064516129,10.742,26,34.83870967741935,209.1935483870968,7.838709677419355,0.321,31.83,0.3,22.28,23.68
2025.0,10.0,Kandy,0.5,1862,Arabica,69.4483870967742,83.92258064516129,10.742,26,34.83870967741935,209.1935483870968,7.838709677419355,0.377,39.66,0.3,27.76,24.34
2025.0,10.0,Kandy,0.5,1638,Arabica,69.4483870967742,83.92258064516129,10.742,26,34.83870967741935,209.1935483870968,7.838709677419355,0.338,30.76,0.3,21.53,24.35
2025.0,10.0,Kandy,0.75,1911,Robusta,69.4483870967742,83.92258064516129,10.742,26,34.83870967741935,209.1935483870968,7.838709677419355,0.381,105.01,0.3,73.51,53.94
2025.0,10.0,Kandy,0.25,1897,Robusta,69.4483870967742,83.92258064516129,10.742,26,34.83870967741935,209.1935483870968,7.838709677419355,0.35,35.79,0.3,25.05,22.51
2025.0,10.0,Kandy,0.5,1862,Robusta,69.4483870967742,83.92258064516129,10.742,26,34.83870967741935,209.1935483870968,7.838709677419355,0.383,53.77,0.3,37.64,41.94
2025.0,10.0,Kandy,0.25,1961,Arabica,69.4483870967742,83.92258064516129,10.742,26,34.83870967741935,209.1935483870968,7.838709677419355,0.302,19.91,0.3,13.94,14.0
2025.0,10.0,Kandy,0.25,1974,Arabica,69.4483870967742,83.92258064516129,10.742,26,34.83870967741935,209.1935483870968,7.838709677419355,0.418,20.78,0.3,14.55,12.43
2025.0,10.0,Kandy,0.25,1813,Arabica,69.4483870967742,83.92258064516129,10.742,26,34.83870967741935,209.1935483870968,7.838709677419355,0.381,19.13,0.3,13.39,11.41
2025.0,11.0,Kandy,0.5,1608,Arabica,70.67666666666668,89.14,26.508,28,76.95666666666666,159.32999999999998,6.066666666666666,0.415,38.98,0.3,27.29,26.37
2025.0,11.0,Kandy,0.5,1720,Robusta,70.67666666666668,89.14,26.508,28,76.95666666666666,159.32999999999998,6.066666666666666,0.327,74.86,0.3,52.4,39.59
2025.0,11.0,Kandy,0.25,1753,Arabica,70.67666666666668,89.14,26.508,28,76.95666666666666,159.32999999999998,6.066666666666666,0.468,18.37,0.3,12.86,13.6
2025.0,11.0,Kandy,0.5,1751,Robusta,70.67666666666668,89.14,26.508,28,76.95666666666666,159.32999999999998,6.066666666666666,0.382,57.7,0.3,40.39,42.35
2025.0,11.0,Kandy,0.75,1801,Robusta,70.67666666666668,89.14,26.508,28,76.95666666666666,159.32999999999998,6.066666666666666,0.419,106.41,0.3,74.49,59.97
2025.0,11.0,Kandy,0.75,1763,Arabica,70.67666666666668,89.14,26.508,28,76.95666666666666,159.32999999999998,6.066666666666666,0.367,55.27,0.3,38.69,37.43
2025.0,11.0,Kandy,0.75,1841,Arabica,70.67666666666668,89.14,26.508,28,76.95666666666666,159.32999999999998,6.066666666666666,0.396,54.65,0.3,38.25,40.2
2025.0,11.0,Kandy,0.25,1707,Robusta,70.67666666666668,89.14,26.508,28,76.95666666666666,159.32999999999998,6.066666666666666,0.398,28.17,0.3,19.72,20.82
2025.0,11.0,Kandy,0.75,1748,Arabica,70.67666666666668,89.14,26.508,28,76.95666666666666,159.32999999999998,6.066666666666666,0.242,57.93,0.1,52.14,49.6
2025.0,11.0,Kandy,0.25,1742,Arabica,70.67666666666668,89.14,26.508,28,76.95666666666666,159.32999999999998,6.066666666666666,0.412,15.09,0.3,10.56,15.09
2025.0,11.0,Kandy,0.75,1759,Arabica,70.67666666666668,89.14,26.508,28,76.95666666666666,159.32999999999998,6.066666666666666,0.481,61.08,0.3,42.76,35.12
2025.0,11.0,Kandy,0.25,1677,Arabica,70.67666666666668,89.14,26.508,28,76.95666666666666,159.32999999999998,6.066666666666666,0.41,16.62,0.3,11.63,13.28
2025.0,11.0,Kandy,0.25,1853,Arabica,70.67666666666668,89.14,26.508,28,76.95666666666666,159.32999999999998,6.066666666666666,0.335,15.38,0.3,10.77,14.67
2025.0,11.0,Kandy,0.75,1862,Arabica,70.67666666666668,89.14,26.508,28,76.95666666666666,159.32999999999998,6.066666666666666,0.416,52.04,0.3,36.43,37.87
2025.0,11.0,Kandy,0.75,1641,Arabica,70.67666666666668,89.14,26.508,28,76.95666666666666,159.32999999999998,6.066666666666666,0.436,44.55,0.3,31.18,32.0
2025.0,11.0,Kandy,0.75,1840,Arabica,70.67666666666668,89.14,26.508,28,76.95666666666666,159.32999999999998,6.066666666666666,0.409,56.59,0.3,39.61,39.5
2025.0,11.0,Kandy,0.5,1618,Arabica,70.67666666666668,89.14,26.508,28,76.95666666666666,159.32999999999998,6.066666666666666,0.379,40.45,0.3,28.32,25.47
2025.0,11.0,Kandy,0.5,1641,Robusta,70.67666666666668,89.14,26.508,28,76.95666666666666,159.32999999999998,6.066666666666666,0.371,70.93,0.3,49.65,42.74
2025.0,11.0,Kandy,0.25,1635,Arabica,70.67666666666668,89.14,26.508,28,76.95666666666666,159.32999999999998,6.066666666666666,0.371,15.38,0.3,10.77,11.79
2025.0,11.0,Kandy,0.25,1763,Arabica,70.67666666666668,89.14,26.508,28,76.95666666666666,159.32999999999998,6.066666666666666,0.418,15.37,0.3,10.76,14.46
2025.0,12.0,Kandy,0.25,1978,Arabica,70.23870967741935,89.20645161290322,4.569,29,77.42903225806452,177.27096774193546,6.741935483870968,0.291,19.67,0.1,17.7,19.37
2025.0,12.0,Kandy,0.75,1795,Arabica,70.23870967741935,89.20645161290322,4.569,29,77.42903225806452,177.27096774193546,6.741935483870968,0.343,61.08,0.3,42.76,37.04
2025.0,12.0,Kandy,0.5,1604,Arabica,70.23870967741935,89.20645161290322,4.569,29,77.42903225806452,177.27096774193546,6.741935483870968,0.441,34.93,0.3,24.45,26.46
2025.0,12.0,Kandy,0.25,1863,Robusta,70.23870967741935,89.20645161290322,4.569,29,77.42903225806452,177.27096774193546,6.741935483870968,0.443,31.24,0.3,21.87,22.12
2025.0,12.0,Kandy,0.5,1666,Arabica,70.23870967741935,89.20645161290322,4.569,29,77.42903225806452,177.27096774193546,6.741935483870968,0.287,33.14,0.1,29.83,35.18
2025.0,12.0,Kandy,0.25,1657,Arabica,70.23870967741935,89.20645161290322,4.569,29,77.42903225806452,177.27096774193546,6.741935483870968,0.305,20.17,0.3,14.12,15.28
2025.0,12.0,Kandy,0.5,1729,Robusta,70.23870967741935,89.20645161290322,4.569,29,77.42903225806452,177.27096774193546,6.741935483870968,0.348,66.12,0.3,46.28,42.91
2025.0,12.0,Kandy,0.5,1701,Arabica,70.23870967741935,89.20645161290322,4.569,29,77.42903225806452,177.27096774193546,6.741935483870968,0.406,32.77,0.3,22.94,25.83
2025.0,12.0,Kandy,0.5,1885,Arabica,70.23870967741935,89.20645161290322,4.569,29,77.42903225806452,177.27096774193546,6.741935483870968,0.27,32.9,0.1,29.61,31.49
2025.0,12.0,Kandy,0.5,1899,Arabica,70.23870967741935,89.20645161290322,4.569,29,77.42903225806452,177.27096774193546,6.741935483870968,0.359,40.31,0.3,28.22,24.84
2025.0,12.0,Kandy,0.25,1932,Arabica,70.23870967741935,89.20645161290322,4.569,29,77.42903225806452,177.27096774193546,6.741935483870968,0.338,14.67,0.3,10.27,13.32
2025.0,12.0,Kandy,0.75,1910,Arabica,70.23870967741935,89.20645161290322,4.569,29,77.42903225806452,177.27096774193546,6.741935483870968,0.428,49.8,0.3,34.86,38.66
2025.0,12.0,Kandy,0.5,1757,Arabica,70.23870967741935,89.20645161290322,4.569,29,77.42903225806452,177.27096774193546,6.741935483870968,0.278,36.1,0.1,32.49,33.22
2025.0,12.0,Kandy,0.25,1999,Arabica,70.23870967741935,89.20645161290322,4.569,29,77.42903225806452,177.27096774193546,6.741935483870968,0.366,15.51,0.3,10.86,13.81
2025.0,12.0,Kandy,0.75,1743,Arabica,70.23870967741935,89.20645161290322,4.569,29,77.42903225806452,177.27096774193546,6.741935483870968,0.342,45.48,0.3,31.84,36.25
2025.0,12.0,Kandy,0.75,1947,Robusta,70.23870967741935,89.20645161290322,4.569,29,77.42903225806452,177.27096774193546,6.741935483870968,0.435,105.57,0.3,73.9,55.39
2025.0,12.0,Kandy,0.5,1604,Robusta,70.23870967741935,89.20645161290322,4.569,29,77.42903225806452,177.27096774193546,6.741935483870968,0.391,72.36,0.3,50.65,44.63
2025.0,12.0,Kandy,0.25,1720,Arabica,70.23870967741935,89.20645161290322,4.569,29,77.42903225806452,177.27096774193546,6.741935483870968,0.332,19.73,0.3,13.81,14.26
2025.0,12.0,Kandy,0.5,1830,Robusta,70.23870967741935,89.20645161290322,4.569,29,77.42903225806452,177.27096774193546,6.741935483870968,0.404,72.47,0.3,50.73,42.97
2025.0,12.0,Kandy,0.25,1871,Arabica,70.23870967741935,89.20645161290322,4.569,29,77.42903225806452,177.27096774193546,6.741935483870968,0.342,18.04,0.3,12.63,13.91
2026.0,1.0,Kandy,0.5,1741,Arabica,73.04838709677419,81.05483870967741,5.247,31,60.90967741935484,140.625,5.083333333333333,0.379,39.32,0.3,27.52,26.98
2026.0,1.0,Kandy,0.75,1713,Arabica,73.04838709677419,81.05483870967741,5.247,31,60.90967741935484,140.625,5.083333333333333,0.318,50.95,0.3,35.66,37.34
2026.0,1.0,Kandy,0.25,1940,Arabica,73.04838709677419,81.05483870967741,5.247,31,60.90967741935484,140.625,5.083333333333333,0.382,18.75,0.3,13.12,12.91
2026.0,1.0,Kandy,0.25,1930,Robusta,73.04838709677419,81.05483870967741,5.247,31,60.90967741935484,140.625,5.083333333333333,0.351,37.36,0.3,26.15,22.1
2026.0,1.0,Kandy,0.5,1753,Arabica,73.04838709677419,81.05483870967741,5.247,31,60.90967741935484,140.625,5.083333333333333,0.492,31.99,0.3,22.39,24.58
2026.0,1.0,Kandy,0.75,1861,Robusta,73.04838709677419,81.05483870967741,5.247,31,60.90967741935484,140.625,5.083333333333333,0.327,89.62,0.3,62.73,53.76
2026.0,1.0,Kandy,0.75,1742,Robusta,73.04838709677419,81.05483870967741,5.247,31,60.90967741935484,140.625,5.083333333333333,0.349,93.0,0.3,65.1,57.91
2026.0,1.0,Kandy,0.25,1843,Arabica,73.04838709677419,81.05483870967741,5.247,31,60.90967741935484,140.625,5.083333333333333,0.305,15.45,0.3,10.82,14.25
2026.0,1.0,Kandy,0.75,1648,Arabica,73.04838709677419,81.05483870967741,5.247,31,60.90967741935484,140.625,5.083333333333333,0.33,45.27,0.3,31.69,37.11
2026.0,1.0,Kandy,0.5,1890,Arabica,73.04838709677419,81.05483870967741,5.247,31,60.90967741935484,140.625,5.083333333333333,0.194,39.54,0.1,35.59,33.01
2026.0,1.0,Kandy,0.5,1757,Robusta,73.04838709677419,81.05483870967741,5.247,31,60.90967741935484,140.625,5.083333333333333,0.353,74.42,0.3,52.09,46.48
2026.0,1.0,Kandy,0.75,1935,Arabica,73.04838709677419,81.05483870967741,5.247,31,60.90967741935484,140.625,5.083333333333333,0.397,51.34,0.3,35.94,38.06
2026.0,1.0,Kandy,0.5,1672,Arabica,73.04838709677419,81.05483870967741,5.247,31,60.90967741935484,140.625,5.083333333333333,0.349,30.26,0.3,21.18,27.19
2026.0,1.0,Kandy,0.75,1665,Arabica,73.04838709677419,81.05483870967741,5.247,31,60.90967741935484,140.625,5.083333333333333,0.264,44.98,0.1,40.48,42.56
2026.0,1.0,Kandy,0.75,1805,Robusta,73.04838709677419,81.05483870967741,5.247,31,60.90967741935484,140.625,5.083333333333333,0.289,108.42,0.1,97.58,58.8
2026.0,1.0,Kandy,0.5,1624,Arabica,73.04838709677419,81.05483870967741,5.247,31,60.90967741935484,140.625,5.083333333333333,0.208,34.96,0.1,31.46,32.45
2026.0,1.0,Kandy,0.25,1909,Arabica,73.04838709677419,81.05483870967741,5.247,31,60.90967741935484,140.625,5.083333333333333,0.378,16.58,0.3,11.61,12.88
2026.0,1.0,Kandy,0.75,1869,Arabica,73.04838709677419,81.05483870967741,5.247,31,60.90967741935484,140.625,5.083333333333333,0.279,52.68,0.1,47.41,44.63
2026.0,1.0,Kandy,0.5,1837,Arabica,73.04838709677419,81.05483870967741,5.247,31,60.90967741935484,140.625,5.083333333333333,0.328,33.15,0.3,23.2,27.14
2026.0,1.0,Kandy,0.75,1989,Arabica,73.04838709677419,81.05483870967741,5.247,31,60.90967741935484,140.625,5.083333333333333,0.322,52.92,0.3,37.04,37.42
2026.0,2.0,Kandy,0.25,1991,Arabica,77.53571428571429,75.06071428571428,6.215,28,40.02857142857143,,,0.381,19.96,0.3,13.97,13.84
2026.0,2.0,Kandy,0.25,1678,Robusta,77.53571428571429,75.06071428571428,6.215,28,40.02857142857143,,,0.311,32.4,0.3,22.68,27.6
2026.0,2.0,Kandy,0.25,1630,Arabica,77.53571428571429,75.06071428571428,6.215,28,40.02857142857143,,,0.347,18.92,0.3,13.24,14.79
2026.0,2.0,Kandy,0.5,1915,Robusta,77.53571428571429,75.06071428571428,6.215,28,40.02857142857143,,,0.334,59.12,0.3,41.38,43.24
2026.0,2.0,Kandy,0.25,1642,Arabica,77.53571428571429,75.06071428571428,6.215,28,40.02857142857143,,,0.374,19.2,0.3,13.44,14.92
2026.0,2.0,Kandy,0.75,1886,Arabica,77.53571428571429,75.06071428571428,6.215,28,40.02857142857143,,,0.295,56.25,0.1,50.62,43.8
2026.0,2.0,Kandy,0.75,1865,Arabica,77.53571428571429,75.06071428571428,6.215,28,40.02857142857143,,,0.4,45.99,0.3,32.19,36.68
2026.0,2.0,Kandy,0.5,1866,Robusta,77.53571428571429,75.06071428571428,6.215,28,40.02857142857143,,,0.207,64.32,0.1,57.89,49.95
2026.0,2.0,Kandy,0.75,1655,Arabica,77.53571428571429,75.06071428571428,6.215,28,40.02857142857143,,,0.349,48.56,0.3,33.99,37.29
2026.0,2.0,Kandy,0.75,1682,Arabica,77.53571428571429,75.06071428571428,6.215,28,40.02857142857143,,,0.263,58.83,0.1,52.95,44.98
2026.0,2.0,Kandy,0.25,1928,Robusta,77.53571428571429,75.06071428571428,6.215,28,40.02857142857143,,,0.282,30.32,0.1,27.29,29.56
2026.0,2.0,Kandy,0.5,1970,Arabica,77.53571428571429,75.06071428571428,6.215,28,40.02857142857143,,,0.335,41.6,0.3,29.12,26.11
2026.0,2.0,Kandy,0.25,1859,Arabica,77.53571428571429,75.06071428571428,6.215,28,40.02857142857143,,,0.335,15.16,0.3,10.61,12.81
2026.0,2.0,Kandy,0.25,1700,Arabica,77.53571428571429,75.06071428571428,6.215,28,40.02857142857143,,,0.337,19.46,0.3,13.62,14.02
2026.0,2.0,Kandy,0.25,1907,Arabica,77.53571428571429,75.06071428571428,6.215,28,40.02857142857143,,,0.237,18.79,0.1,16.91,19.61
2026.0,2.0,Kandy,0.5,1830,Robusta,77.53571428571429,75.06071428571428,6.215,28,40.02857142857143,,,0.379,69.19,0.3,48.43,42.14
2026.0,2.0,Kandy,0.25,1715,Arabica,77.53571428571429,75.06071428571428,6.215,28,40.02857142857143,,,0.261,16.51,0.1,14.86,19.78
2026.0,2.0,Kandy,0.25,1606,Arabica,77.53571428571429,75.06071428571428,6.215,28,40.02857142857143,,,0.268,17.66,0.1,15.89,19.36
2026.0,2.0,Kandy,0.5,1613,Arabica,77.53571428571429,75.06071428571428,6.215,28,40.02857142857143,,,0.338,39.12,0.3,27.38,27.81
2026.0,2.0,Kandy,0.25,1685,Robusta,77.53571428571429,75.06071428571428,6.215,28,40.02857142857143,,,0.292,27.91,0.1,25.12,32.14
2026.0,3.0,Kandy,0.75,1985,Arabica,79.01935483870967,75.6258064516129,10.808,31,44.25806451612903,,,0.329,47.99,0.3,33.59,37.14
2026.0,3.0,Kandy,0.25,1845,Robusta,79.01935483870967,75.6258064516129,10.808,31,44.25806451612903,,,0.205,31.89,0.1,28.7,30.93
2026.0,3.0,Kandy,0.25,1737,Arabica,79.01935483870967,75.6258064516129,10.808,31,44.25806451612903,,,0.328,17.86,0.3,12.5,13.76
2026.0,3.0,Kandy,0.75,1988,Arabica,79.01935483870967,75.6258064516129,10.808,31,44.25806451612903,,,0.324,49.04,0.3,34.33,39.17
2026.0,3.0,Kandy,0.25,1841,Arabica,79.01935483870967,75.6258064516129,10.808,31,44.25806451612903,,,0.288,16.45,0.1,14.8,14.92
2026.0,3.0,Kandy,0.25,1937,Arabica,79.01935483870967,75.6258064516129,10.808,31,44.25806451612903,,,0.21,16.32,0.1,14.69,15.94
2026.0,3.0,Kandy,0.25,1787,Arabica,79.01935483870967,75.6258064516129,10.808,31,44.25806451612903,,,0.303,19.41,0.3,13.59,14.84
2026.0,3.0,Kandy,0.25,1907,Arabica,79.01935483870967,75.6258064516129,10.808,31,44.25806451612903,,,0.311,18.66,0.3,13.06,15.15
2026.0,3.0,Kandy,0.25,1881,Arabica,79.01935483870967,75.6258064516129,10.808,31,44.25806451612903,,,0.295,19.79,0.1,17.81,16.31
2026.0,3.0,Kandy,0.5,1651,Arabica,79.01935483870967,75.6258064516129,10.808,31,44.25806451612903,,,0.222,41.36,0.1,37.22,38.23
2026.0,3.0,Kandy,0.5,1831,Robusta,79.01935483870967,75.6258064516129,10.808,31,44.25806451612903,,,0.393,61.85,0.3,43.3,40.12
2026.0,3.0,Kandy,0.25,1641,Robusta,79.01935483870967,75.6258064516129,10.808,31,44.25806451612903,,,0.281,25.83,0.1,23.25,36.16
2026.0,3.0,Kandy,0.25,1712,Robusta,79.01935483870967,75.6258064516129,10.808,31,44.25806451612903,,,0.302,25.6,0.3,17.92,28.7
2026.0,3.0,Kandy,0.25,1719,Arabica,79.01935483870967,75.6258064516129,10.808,31,44.25806451612903,,,0.193,16.43,0.1,14.79,19.44
2026.0,3.0,Kandy,0.25,1729,Arabica,79.01935483870967,75.6258064516129,10.808,31,44.25806451612903,,,0.393,20.41,0.3,14.29,14.31
2026.0,3.0,Kandy,0.25,1696,Robusta,79.01935483870967,75.6258064516129,10.808,31,44.25806451612903,,,0.29,31.54,0.1,28.39,30.88
2026.0,3.0,Kandy,0.5,1831,Arabica,79.01935483870967,75.6258064516129,10.808,31,44.25806451612903,,,0.318,32.56,0.3,22.79,26.59
2026.0,3.0,Kandy,0.75,1846,Arabica,79.01935483870967,75.6258064516129,10.808,31,44.25806451612903,,,0.369,51.23,0.3,35.86,34.37
2026.0,3.0,Kandy,0.75,1813,Arabica,79.01935483870967,75.6258064516129,10.808,31,44.25806451612903,,,0.279,54.97,0.1,49.47,41.71
2026.0,3.0,Kandy,0.75,1942,Arabica,79.01935483870967,75.6258064516129,10.808,31,44.25806451612903,,,0.361,55.99,0.3,39.19,35.08
2026.0,4.0,Kandy,0.75,1668,Robusta,79.82666666666667,81.04333333333334,16.543,30,55.99333333333333,,,0.238,80.77,0.1,72.69,76.64
2026.0,4.0,Kandy,0.25,1686,Arabica,79.82666666666667,81.04333333333334,16.543,30,55.99333333333333,,,0.368,20.69,0.3,14.48,13.99
2026.0,4.0,Kandy,0.25,1799,Arabica,79.82666666666667,81.04333333333334,16.543,30,55.99333333333333,,,0.419,17.99,0.3,12.59,15.34
2026.0,4.0,Kandy,0.75,1984,Arabica,79.82666666666667,81.04333333333334,16.543,30,55.99333333333333,,,0.312,46.29,0.3,32.4,37.89
2026.0,4.0,Kandy,0.75,1751,Arabica,79.82666666666667,81.04333333333334,16.543,30,55.99333333333333,,,0.397,60.51,0.3,42.36,36.23
2026.0,4.0,Kandy,0.25,1831,Arabica,79.82666666666667,81.04333333333334,16.543,30,55.99333333333333,,,0.432,15.05,0.3,10.54,14.78
2026.0,4.0,Kandy,0.5,1827,Arabica,79.82666666666667,81.04333333333334,16.543,30,55.99333333333333,,,0.328,40.51,0.3,28.36,25.42
2026.0,4.0,Kandy,0.75,1810,Arabica,79.82666666666667,81.04333333333334,16.543,30,55.99333333333333,,,0.324,62.44,0.3,43.71,34.67
2026.0,4.0,Kandy,0.75,1860,Arabica,79.82666666666667,81.04333333333334,16.543,30,55.99333333333333,,,0.296,56.88,0.1,51.19,43.47
2026.0,4.0,Kandy,0.5,1951,Arabica,79.82666666666667,81.04333333333334,16.543,30,55.99333333333333,,,0.315,38.8,0.3,27.16,27.53
2026.0,4.0,Kandy,0.5,1637,Arabica,79.82666666666667,81.04333333333334,16.543,30,55.99333333333333,,,0.3,33.38,0.3,23.37,31.56
2026.0,4.0,Kandy,0.25,1822,Robusta,79.82666666666667,81.04333333333334,16.543,30,55.99333333333333,,,0.296,36.77,0.1,33.09,25.79
2026.0,4.0,Kandy,0.25,1928,Arabica,79.82666666666667,81.04333333333334,16.543,30,55.99333333333333,,,0.401,17.89,0.3,12.52,13.57
2026.0,4.0,Kandy,0.5,1648,Arabica,79.82666666666667,81.04333333333334,16.543,30,55.99333333333333,,,0.301,38.32,0.3,26.82,31.75
2026.0,4.0,Kandy,0.5,1704,Arabica,79.82666666666667,81.04333333333334,16.543,30,55.99333333333333,,,0.354,40.72,0.3,28.5,26.78
2026.0,4.0,Kandy,0.5,1718,Arabica,79.82666666666667,81.04333333333334,16.543,30,55.99333333333333,,,0.343,41.36,0.3,28.95,27.66
2026.0,4.0,Kandy,0.5,1865,Robusta,79.82666666666667,81.04333333333334,16.543,30,55.99333333333333,,,0.416,70.83,0.3,49.58,42.38
2026.0,4.0,Kandy,0.75,1857,Arabica,79.82666666666667,81.04333333333334,16.543,30,55.99333333333333,,,0.316,49.43,0.3,34.6,37.38
2026.0,4.0,Kandy,0.25,1759,Robusta,79.82666666666667,81.04333333333334,16.543,30,55.99333333333333,,,0.36,37.08,0.3,25.96,25.04
2026.0,4.0,Kandy,0.5,1610,Arabica,79.82666666666667,81.04333333333334,16.543,30,55.99333333333333,,,0.38,37.02,0.3,25.91,28.02
2026.0,5.0,Kandy,0.25,1782,Arabica,81.12903225806451,81.49032258064516,13.283,31,61.23548387096774,,,0.414,20.4,0.3,14.28,15.15
2026.0,5.0,Kandy,0.75,1933,Arabica,81.12903225806451,81.49032258064516,13.283,31,61.23548387096774,,,0.313,56.43,0.3,39.5,37.36
2026.0,5.0,Kandy,0.25,1713,Robusta,81.12903225806451,81.49032258064516,13.283,31,61.23548387096774,,,0.308,28.84,0.3,20.19,28.71
2026.0,5.0,Kandy,0.5,1812,Arabica,81.12903225806451,81.49032258064516,13.283,31,61.23548387096774,,,0.286,33.79,0.1,30.41,32.17
2026.0,5.0,Kandy,0.75,1773,Arabica,81.12903225806451,81.49032258064516,13.283,31,61.23548387096774,,,0.451,54.07,0.3,37.85,34.03
2026.0,5.0,Kandy,0.25,1721,Robusta,81.12903225806451,81.49032258064516,13.283,31,61.23548387096774,,,0.408,34.88,0.3,24.42,26.65
2026.0,5.0,Kandy,0.75,1638,Robusta,81.12903225806451,81.49032258064516,13.283,31,61.23548387096774,,,0.337,86.92,0.3,60.84,63.21
2026.0,5.0,Kandy,0.25,1617,Arabica,81.12903225806451,81.49032258064516,13.283,31,61.23548387096774,,,0.436,18.21,0.3,12.75,14.24
2026.0,5.0,Kandy,0.5,1748,Robusta,81.12903225806451,81.49032258064516,13.283,31,61.23548387096774,,,0.334,58.64,0.3,41.05,44.02
2026.0,5.0,Kandy,0.5,1959,Arabica,81.12903225806451,81.49032258064516,13.283,31,61.23548387096774,,,0.375,39.36,0.3,27.55,27.95
2026.0,5.0,Kandy,0.75,1835,Arabica,81.12903225806451,81.49032258064516,13.283,31,61.23548387096774,,,0.34,52.5,0.3,36.75,35.57
2026.0,5.0,Kandy,0.5,1749,Robusta,81.12903225806451,81.49032258064516,13.283,31,61.23548387096774,,,0.359,51.92,0.3,36.34,44.45
2026.0,5.0,Kandy,0.5,1947,Arabica,81.12903225806451,81.49032258064516,13.283,31,61.23548387096774,,,0.354,31.24,0.3,21.87,28.53
2026.0,5.0,Kandy,0.5,1857,Arabica,81.12903225806451,81.49032258064516,13.283,31,61.23548387096774,,,0.318,29.93,0.3,20.95,28.17
2026.0,5.0,Kandy,0.75,1882,Robusta,81.12903225806451,81.49032258064516,13.283,31,61.23548387096774,,,0.394,93.72,0.3,65.6,60.39
2026.0,5.0,Kandy,0.75,1687,Arabica,81.12903225806451,81.49032258064516,13.283,31,61.23548387096774,,,0.375,45.74,0.3,32.02,35.61
2026.0,5.0,Kandy,0.5,1770,Robusta,81.12903225806451,81.49032258064516,13.283,31,61.23548387096774,,,0.391,52.85,0.3,36.99,44.2
2026.0,5.0,Kandy,0.25,1783,Arabica,81.12903225806451,81.49032258064516,13.283,31,61.23548387096774,,,0.355,20.46,0.3,14.32,13.26
2026.0,5.0,Kandy,0.5,1618,Arabica,81.12903225806451,81.49032258064516,13.283,31,61.23548387096774,,,0.294,40.07,0.1,36.06,33.4
2026.0,5.0,Kandy,0.5,1894,Arabica,81.12903225806451,81.49032258064516,13.283,31,61.23548387096774,,,0.425,34.82,0.3,24.37,27.78
2026.0,6.0,Kandy,0.25,1727,Arabica,80.55333333333333,81.24666666666667,9.088,30,65.36999999999999,,,0.321,20.74,0.3,14.52,14.07
2026.0,6.0,Kandy,0.5,1785,Arabica,80.55333333333333,81.24666666666667,9.088,30,65.36999999999999,,,0.352,29.17,0.3,20.42,26.24
2026.0,6.0,Kandy,0.25,1963,Robusta,80.55333333333333,81.24666666666667,9.088,30,65.36999999999999,,,0.366,32.67,0.3,22.87,25.26
2026.0,6.0,Kandy,0.25,1987,Arabica,80.55333333333333,81.24666666666667,9.088,30,65.36999999999999,,,0.352,18.44,0.3,12.91,14.81
2026.0,6.0,Kandy,0.5,1953,Arabica,80.55333333333333,81.24666666666667,9.088,30,65.36999999999999,,,0.38,34.88,0.3,24.42,28.02
2026.0,6.0,Kandy,0.5,1983,Robusta,80.55333333333333,81.24666666666667,9.088,30,65.36999999999999,,,0.388,59.92,0.3,41.94,45.3
2026.0,6.0,Kandy,0.75,1665,Arabica,80.55333333333333,81.24666666666667,9.088,30,65.36999999999999,,,0.323,52.29,0.3,36.6,36.11
2026.0,6.0,Kandy,0.25,1992,Arabica,80.55333333333333,81.24666666666667,9.088,30,65.36999999999999,,,0.415,17.18,0.3,12.03,14.24
2026.0,6.0,Kandy,0.5,1833,Robusta,80.55333333333333,81.24666666666667,9.088,30,65.36999999999999,,,0.321,68.26,0.3,47.78,42.52
2026.0,6.0,Kandy,0.5,1611,Robusta,80.55333333333333,81.24666666666667,9.088,30,65.36999999999999,,,0.351,53.38,0.3,37.37,48.39
2026.0,6.0,Kandy,0.5,1720,Robusta,80.55333333333333,81.24666666666667,9.088,30,65.36999999999999,,,0.315,54.94,0.3,38.46,45.03
2026.0,6.0,Kandy,0.25,1619,Arabica,80.55333333333333,81.24666666666667,9.088,30,65.36999999999999,,,0.3,15.71,0.3,11.0,15.82
2026.0,6.0,Kandy,0.75,1822,Arabica,80.55333333333333,81.24666666666667,9.088,30,65.36999999999999,,,0.386,48.67,0.3,34.07,36.18
2026.0,6.0,Kandy,0.75,1700,Arabica,80.55333333333333,81.24666666666667,9.088,30,65.36999999999999,,,0.49,53.6,0.3,37.52,34.46
2026.0,6.0,Kandy,0.75,1980,Arabica,80.55333333333333,81.24666666666667,9.088,30,65.36999999999999,,,0.316,45.84,0.3,32.09,39.48
2026.0,6.0,Kandy,0.5,1623,Arabica,80.55333333333333,81.24666666666667,9.088,30,65.36999999999999,,,0.395,40.02,0.3,28.01,27.51
2026.0,6.0,Kandy,0.5,1892,Arabica,80.55333333333333,81.24666666666667,9.088,30,65.36999999999999,,,0.318,32.88,0.3,23.02,29.34
2026.0,6.0,Kandy,0.5,1958,Arabica,80.55333333333333,81.24666666666667,9.088,30,65.36999999999999,,,0.334,31.2,0.3,21.84,27.04
2026.0,6.0,Kandy,0.5,1859,Arabica,80.55333333333333,81.24666666666667,9.088,30,65.36999999999999,,,0.422,37.61,0.3,26.33,27.12
2026.0,6.0,Kandy,0.25,1619,Arabica,80.55333333333333,81.24666666666667,9.088,30,65.36999999999999,,,0.28,14.82,0.1,13.34,18.97
2026.0,7.0,Kandy,0.75,1603,Arabica,80.14193548387097,80.31935483870969,7.543,31,65.01290322580645,,,0.262,55.37,0.1,49.83,46.92
2026.0,7.0,Kandy,0.75,1815,Arabica,80.14193548387097,80.31935483870969,7.543,31,65.01290322580645,,,0.324,56.84,0.3,39.79,35.63
2026.0,7.0,Kandy,0.5,1654,Robusta,80.14193548387097,80.31935483870969,7.543,31,65.01290322580645,,,0.362,55.37,0.3,38.76,48.32
2026.0,7.0,Kandy,0.5,1623,Arabica,80.14193548387097,80.31935483870969,7.543,31,65.01290322580645,,,0.352,29.69,0.3,20.78,29.48
2026.0,7.0,Kandy,0.5,1758,Arabica,80.14193548387097,80.31935483870969,7.543,31,65.01290322580645,,,0.347,33.71,0.3,23.6,27.59
2026.0,7.0,Kandy,0.75,1904,Arabica,80.14193548387097,80.31935483870969,7.543,31,65.01290322580645,,,0.331,45.6,0.3,31.92,37.53
2026.0,7.0,Kandy,0.75,1751,Arabica,80.14193548387097,80.31935483870969,7.543,31,65.01290322580645,,,0.368,45.93,0.3,32.15,33.92
2026.0,7.0,Kandy,0.5,1913,Robusta,80.14193548387097,80.31935483870969,7.543,31,65.01290322580645,,,0.183,56.36,0.1,50.72,51.05
2026.0,7.0,Kandy,0.75,1955,Arabica,80.14193548387097,80.31935483870969,7.543,31,65.01290322580645,,,0.291,49.29,0.1,44.36,45.35
2026.0,7.0,Kandy,0.25,1827,Arabica,80.14193548387097,80.31935483870969,7.543,31,65.01290322580645,,,0.324,17.9,0.3,12.53,14.31
2026.0,7.0,Kandy,0.25,1782,Arabica,80.14193548387097,80.31935483870969,7.543,31,65.01290322580645,,,0.364,18.82,0.3,13.17,13.4
2026.0,7.0,Kandy,0.75,1715,Arabica,80.14193548387097,80.31935483870969,7.543,31,65.01290322580645,,,0.403,54.86,0.3,38.4,35.41
2026.0,7.0,Kandy,0.75,1902,Robusta,80.14193548387097,80.31935483870969,7.543,31,65.01290322580645,,,0.285,80.56,0.1,72.5,70.49
2026.0,7.0,Kandy,0.5,1900,Arabica,80.14193548387097,80.31935483870969,7.543,31,65.01290322580645,,,0.402,31.32,0.3,21.92,26.95
2026.0,7.0,Kandy,0.5,1859,Arabica,80.14193548387097,80.31935483870969,7.543,31,65.01290322580645,,,0.306,40.15,0.3,28.1,29.94
2026.0,7.0,Kandy,0.75,1998,Arabica,80.14193548387097,80.31935483870969,7.543,31,65.01290322580645,,,0.322,54.22,0.3,37.95,39.31
2026.0,7.0,Kandy,0.5,1723,Arabica,80.14193548387097,80.31935483870969,7.543,31,65.01290322580645,,,0.358,40.04,0.3,28.03,26.8
2026.0,7.0,Kandy,0.25,1689,Arabica,80.14193548387097,80.31935483870969,7.543,31,65.01290322580645,,,0.319,16.91,0.3,11.84,14.63
2026.0,7.0,Kandy,0.25,1660,Robusta,80.14193548387097,80.31935483870969,7.543,31,65.01290322580645,,,0.384,32.68,0.3,22.88,26.78
2026.0,7.0,Kandy,0.75,1706,Arabica,80.14193548387097,80.31935483870969,7.543,31,65.01290322580645,,,0.309,53.57,0.3,37.5,37.85
2026.0,8.0,Kandy,0.5,1717,Arabica,79.9,80.45161290322581,7.816,31,64.93870967741935,,,0.31,33.16,0.3,23.21,27.95
2026.0,8.0,Kandy,0.25,1964,Robusta,79.9,80.45161290322581,7.816,31,64.93870967741935,,,0.382,30.87,0.3,21.61,25.73
2026.0,8.0,Kandy,0.75,1634,Arabica,79.9,80.45161290322581,7.816,31,64.93870967741935,,,0.291,53.17,0.1,47.85,49.23
2026.0,8.0,Kandy,0.75,1668,Robusta,79.9,80.45161290322581,7.816,31,64.93870967741935,,,0.342,82.53,0.3,57.77,61.04
2026.0,8.0,Kandy,0.25,1648,Arabica,79.9,80.45161290322581,7.816,31,64.93870967741935,,,0.247,16.55,0.1,14.9,21.63
2026.0,8.0,Kandy,0.25,1955,Arabica,79.9,80.45161290322581,7.816,31,64.93870967741935,,,0.421,19.53,0.3,13.67,13.91
2026.0,8.0,Kandy,0.5,1830,Robusta,79.9,80.45161290322581,7.816,31,64.93870967741935,,,0.39,72.89,0.3,51.02,41.89
2026.0,8.0,Kandy,0.75,1728,Robusta,79.9,80.45161290322581,7.816,31,64.93870967741935,,,0.467,88.49,0.3,61.94,57.42
2026.0,8.0,Kandy,0.5,1896,Arabica,79.9,80.45161290322581,7.816,31,64.93870967741935,,,0.397,33.0,0.3,23.1,26.79
2026.0,8.0,Kandy,0.25,1630,Robusta,79.9,80.45161290322581,7.816,31,64.93870967741935,,,0.273,27.44,0.1,24.7,40.69
2026.0,8.0,Kandy,0.25,1635,Arabica,79.9,80.45161290322581,7.816,31,64.93870967741935,,,0.363,18.82,0.3,13.17,14.52
2026.0,8.0,Kandy,0.5,1941,Arabica,79.9,80.45161290322581,7.816,31,64.93870967741935,,,0.284,33.21,0.1,29.89,32.49
2026.0,8.0,Kandy,0.75,1819,Robusta,79.9,80.45161290322581,7.816,31,64.93870967741935,,,0.409,112.04,0.3,78.43,60.45
2026.0,8.0,Kandy,0.5,1935,Arabica,79.9,80.45161290322581,7.816,31,64.93870967741935,,,0.275,33.24,0.1,29.92,31.37
2026.0,8.0,Kandy,0.75,1705,Robusta,79.9,80.45161290322581,7.816,31,64.93870967741935,,,0.272,89.78,0.1,80.8,75.79
2026.0,8.0,Kandy,0.5,1643,Arabica,79.9,80.45161290322581,7.816,31,64.93870967741935,,,0.249,36.71,0.1,33.04,37.9
2026.0,8.0,Kandy,0.75,1683,Arabica,79.9,80.45161290322581,7.816,31,64.93870967741935,,,0.305,58.78,0.3,41.15,37.68
2026.0,8.0,Kandy,0.75,1620,Arabica,79.9,80.45161290322581,7.816,31,64.93870967741935,,,0.295,52.55,0.1,47.3,45.98
2026.0,8.0,Kandy,0.25,1606,Arabica,79.9,80.45161290322581,7.816,31,64.93870967741935,,,0.267,17.22,0.1,15.5,21.09
2026.0,8.0,Kandy,0.75,1759,Arabica,79.9,80.45161290322581,7.816,31,64.93870967741935,,,0.429,62.42,0.3,43.69,35.36
2026.0,9.0,Kandy,0.75,1798,Arabica,79.44333333333334,81.25333333333333,10.624,30,62.23,,,0.362,43.95,0.3,30.76,33.53
2026.0,9.0,Kandy,0.5,1975,Arabica,79.44333333333334,81.25333333333333,10.624,30,62.23,,,0.356,40.35,0.3,28.24,27.6
2026.0,9.0,Kandy,0.25,1764,Robusta,79.44333333333334,81.25333333333333,10.624,30,62.23,,,0.415,26.86,0.3,18.8,25.91
2026.0,9.0,Kandy,0.5,1668,Arabica,79.44333333333334,81.25333333333333,10.624,30,62.23,,,0.348,38.99,0.3,27.29,28.73
2026.0,9.0,Kandy,0.5,1904,Arabica,79.44333333333334,81.25333333333333,10.624,30,62.23,,,0.298,36.89,0.1,33.2,31.41
2026.0,9.0,Kandy,0.25,1940,Arabica,79.44333333333334,81.25333333333333,10.624,30,62.23,,,0.251,16.72,0.1,15.05,18.53
2026.0,9.0,Kandy,0.25,1760,Arabica,79.44333333333334,81.25333333333333,10.624,30,62.23,,,0.295,20.05,0.1,18.05,15.54
2026.0,9.0,Kandy,0.75,1926,Arabica,79.44333333333334,81.25333333333333,10.624,30,62.23,,,0.411,43.99,0.3,30.79,37.85
2026.0,9.0,Kandy,0.25,1680,Robusta,79.44333333333334,81.25333333333333,10.624,30,62.23,,,0.273,27.83,0.1,25.05,35.94
2026.0,9.0,Kandy,0.25,1953,Arabica,79.44333333333334,81.25333333333333,10.624,30,62.23,,,0.353,18.13,0.3,12.69,14.25
2026.0,9.0,Kandy,0.75,1768,Robusta,79.44333333333334,81.25333333333333,10.624,30,62.23,,,0.387,88.18,0.3,61.73,63.16
2026.0,9.0,Kandy,0.25,1616,Arabica,79.44333333333334,81.25333333333333,10.624,30,62.23,,,0.35,18.4,0.3,12.88,15.41
2026.0,9.0,Kandy,0.5,1797,Robusta,79.44333333333334,81.25333333333333,10.624,30,62.23,,,0.356,50.6,0.3,35.42,41.46
2026.0,9.0,Kandy,0.5,1940,Arabica,79.44333333333334,81.25333333333333,10.624,30,62.23,,,0.368,30.62,0.3,21.43,27.32
2026.0,9.0,Kandy,0.5,1711,Arabica,79.44333333333334,81.25333333333333,10.624,30,62.23,,,0.355,30.76,0.3,21.53,27.56
2026.0,9.0,Kandy,0.5,1697,Robusta,79.44333333333334,81.25333333333333,10.624,30,62.23,,,0.416,54.73,0.3,38.31,44.71
2026.0,9.0,Kandy,0.75,1724,Robusta,79.44333333333334,81.25333333333333,10.624,30,62.23,,,0.284,92.22,0.1,83.0,72.6
2026.0,9.0,Kandy,0.75,1893,Robusta,79.44333333333334,81.25333333333333,10.624,30,62.23,,,0.348,103.2,0.3,72.24,58.27
2026.0,9.0,Kandy,0.5,1698,Arabica,79.44333333333334,81.25333333333333,10.624,30,62.23,,,0.245,40.49,0.1,36.44,36.44
2026.0,9.0,Kandy,0.75,1648,Arabica,79.44333333333334,81.25333333333333,10.624,30,62.23,,,0.232,59.41,0.1,53.47,50.26
2026.0,10.0,Kandy,0.75,1876,Arabica,78.43225806451613,83.30645161290323,22.042,31,62.32258064516129,,,0.351,47.44,0.3,33.21,36.36
2026.0,10.0,Kandy,0.75,1667,Robusta,78.43225806451613,83.30645161290323,22.042,31,62.32258064516129,,,0.382,91.54,0.3,64.08,65.74
2026.0,10.0,Kandy,0.5,1742,Arabica,78.43225806451613,83.30645161290323,22.042,31,62.32258064516129,,,0.437,31.66,0.3,22.16,27.53
2026.0,10.0,Kandy,0.25,1678,Robusta,78.43225806451613,83.30645161290323,22.042,31,62.32258064516129,,,0.476,28.31,0.3,19.82,26.11
2026.0,10.0,Kandy,0.5,1980,Arabica,78.43225806451613,83.30645161290323,22.042,31,62.32258064516129,,,0.421,35.46,0.3,24.82,25.75
2026.0,10.0,Kandy,0.5,1883,Robusta,78.43225806451613,83.30645161290323,22.042,31,62.32258064516129,,,0.392,51.7,0.3,36.19,41.71
2026.0,10.0,Kandy,0.75,1665,Arabica,78.43225806451613,83.30645161290323,22.042,31,62.32258064516129,,,0.363,47.84,0.3,33.49,33.32
2026.0,10.0,Kandy,0.5,1986,Robusta,78.43225806451613,83.30645161290323,22.042,31,62.32258064516129,,,0.279,73.38,0.1,66.04,49.84
2026.0,10.0,Kandy,0.25,1641,Arabica,78.43225806451613,83.30645161290323,22.042,31,62.32258064516129,,,0.348,17.5,0.3,12.25,15.39
2026.0,10.0,Kandy,0.5,1766,Arabica,78.43225806451613,83.30645161290323,22.042,31,62.32258064516129,,,0.42,34.73,0.3,24.31,27.16
2026.0,10.0,Kandy,0.25,1978,Arabica,78.43225806451613,83.30645161290323,22.042,31,62.32258064516129,,,0.4,14.67,0.3,10.27,13.62
2026.0,10.0,Kandy,0.75,1796,Robusta,78.43225806451613,83.30645161290323,22.042,31,62.32258064516129,,,0.291,84.28,0.1,75.85,66.69
2026.0,10.0,Kandy,0.5,1607,Arabica,78.43225806451613,83.30645161290323,22.042,31,62.32258064516129,,,0.386,40.0,0.3,28.0,27.31
2026.0,10.0,Kandy,0.25,1763,Arabica,78.43225806451613,83.30645161290323,22.042,31,62.32258064516129,,,0.382,15.61,0.3,10.93,14.15
2026.0,10.0,Kandy,0.75,1992,Arabica,78.43225806451613,83.30645161290323,22.042,31,62.32258064516129,,,0.373,51.53,0.3,36.07,36.6
2026.0,10.0,Kandy,0.5,1703,Arabica,78.43225806451613,83.30645161290323,22.042,31,62.32258064516129,,,0.354,29.35,0.3,20.54,27.05
2026.0,10.0,Kandy,0.5,1867,Arabica,78.43225806451613,83.30645161290323,22.042,31,62.32258064516129,,,0.389,35.15,0.3,24.6,26.29
2026.0,10.0,Kandy,0.75,1964,Robusta,78.43225806451613,83.30645161290323,22.042,31,62.32258064516129,,,0.39,75.79,0.3,53.05,65.58
2026.0,10.0,Kandy,0.5,1962,Robusta,78.43225806451613,83.30645161290323,22.042,31,62.32258064516129,,,0.323,70.49,0.3,49.34,47.31
2026.0,10.0,Kandy,0.25,1819,Arabica,78.43225806451613,83.30645161290323,22.042,31,62.32258064516129,,,0.378,19.74,0.3,13.82,14.09
2026.0,11.0,Kandy,0.25,1979,Robusta,77.22,83.85666666666665,20.397,30,60.10333333333333,,,0.346,34.85,0.3,24.4,24.35
2026.0,11.0,Kandy,0.25,1859,Robusta,77.22,83.85666666666665,20.397,30,60.10333333333333,,,0.281,28.54,0.1,25.69,31.57
2026.0,11.0,Kandy,0.5,1845,Robusta,77.22,83.85666666666665,20.397,30,60.10333333333333,,,0.328,70.93,0.3,49.65,44.23
2026.0,11.0,Kandy,0.25,1611,Robusta,77.22,83.85666666666665,20.397,30,60.10333333333333,,,0.278,31.79,0.1,28.61,37.66
2026.0,11.0,Kandy,0.75,1615,Robusta,77.22,83.85666666666665,20.397,30,60.10333333333333,,,0.405,89.02,0.3,62.31,66.78
2026.0,11.0,Kandy,0.25,1974,Arabica,77.22,83.85666666666665,20.397,30,60.10333333333333,,,0.374,18.49,0.3,12.94,13.24
2026.0,11.0,Kandy,0.5,1868,Arabica,77.22,83.85666666666665,20.397,30,60.10333333333333,,,0.338,29.32,0.3,20.52,27.12
2026.0,11.0,Kandy,0.5,1822,Arabica,77.22,83.85666666666665,20.397,30,60.10333333333333,,,0.427,30.95,0.3,21.66,25.39
2026.0,11.0,Kandy,0.75,1924,Arabica,77.22,83.85666666666665,20.397,30,60.10333333333333,,,0.359,57.67,0.3,40.37,34.99
2026.0,11.0,Kandy,0.25,1795,Robusta,77.22,83.85666666666665,20.397,30,60.10333333333333,,,0.284,28.05,0.1,25.24,32.99
2026.0,11.0,Kandy,0.5,1753,Arabica,77.22,83.85666666666665,20.397,30,60.10333333333333,,,0.334,36.64,0.3,25.65,26.03
2026.0,11.0,Kandy,0.25,1826,Arabica,77.22,83.85666666666665,20.397,30,60.10333333333333,,,0.437,16.99,0.3,11.89,13.41
2026.0,11.0,Kandy,0.25,1864,Robusta,77.22,83.85666666666665,20.397,30,60.10333333333333,,,0.322,35.69,0.3,24.98,23.86
2026.0,11.0,Kandy,0.5,1733,Robusta,77.22,83.85666666666665,20.397,30,60.10333333333333,,,0.37,73.81,0.3,51.67,47.52
2026.0,11.0,Kandy,0.25,1994,Robusta,77.22,83.85666666666665,20.397,30,60.10333333333333,,,0.393,36.04,0.3,25.23,25.64
2026.0,11.0,Kandy,0.25,1812,Arabica,77.22,83.85666666666665,20.397,30,60.10333333333333,,,0.385,16.27,0.3,11.39,11.6
2026.0,11.0,Kandy,0.5,1730,Robusta,77.22,83.85666666666665,20.397,30,60.10333333333333,,,0.478,54.85,0.3,38.39,43.37
2026.0,11.0,Kandy,0.5,1876,Arabica,77.22,83.85666666666665,20.397,30,60.10333333333333,,,0.297,35.1,0.1,31.59,30.89
2026.0,11.0,Kandy,0.5,1789,Robusta,77.22,83.85666666666665,20.397,30,60.10333333333333,,,0.302,50.18,0.3,35.13,46.25
2026.0,11.0,Kandy,0.75,1779,Robusta,77.22,83.85666666666665,20.397,30,60.10333333333333,,,0.298,75.97,0.1,68.37,65.49
2026.0,12.0,Kandy,0.75,1937,Robusta,77.25806451612904,80.6032258064516,13.088,31,52.3258064516129,,,0.321,95.75,0.3,67.02,63.75
2026.0,12.0,Kandy,0.25,1878,Arabica,77.25806451612904,80.6032258064516,13.088,31,52.3258064516129,,,0.39,17.84,0.3,12.49,12.85
2026.0,12.0,Kandy,0.5,1872,Robusta,77.25806451612904,80.6032258064516,13.088,31,52.3258064516129,,,0.284,74.86,0.1,67.37,53.18
2026.0,12.0,Kandy,0.75,1949,Robusta,77.25806451612904,80.6032258064516,13.088,31,52.3258064516129,,,0.391,82.57,0.3,57.8,65.17
2026.0,12.0,Kandy,0.75,1888,Arabica,77.25806451612904,80.6032258064516,13.088,31,52.3258064516129,,,0.337,48.59,0.3,34.01,37.03
2026.0,12.0,Kandy,0.5,1665,Arabica,77.25806451612904,80.6032258064516,13.088,31,52.3258064516129,,,0.28,30.59,0.1,27.53,32.96
2026.0,12.0,Kandy,0.75,1800,Arabica,77.25806451612904,80.6032258064516,13.088,31,52.3258064516129,,,0.248,60.95,0.1,54.86,44.95
2026.0,12.0,Kandy,0.25,1846,Arabica,77.25806451612904,80.6032258064516,13.088,31,52.3258064516129,,,0.259,19.44,0.1,17.5,19.82
2026.0,12.0,Kandy,0.75,1666,Arabica,77.25806451612904,80.6032258064516,13.088,31,52.3258064516129,,,0.302,59.17,0.3,41.42,35.24
2026.0,12.0,Kandy,0.25,1902,Arabica,77.25806451612904,80.6032258064516,13.088,31,52.3258064516129,,,0.327,20.23,0.3,14.16,13.54
2026.0,12.0,Kandy,0.75,1620,Arabica,77.25806451612904,80.6032258064516,13.088,31,52.3258064516129,,,0.403,53.59,0.3,37.51,33.27
2026.0,12.0,Kandy,0.25,1901,Robusta,77.25806451612904,80.6032258064516,13.088,31,52.3258064516129,,,0.375,30.64,0.3,21.45,21.19
2026.0,12.0,Kandy,0.25,1638,Robusta,77.25806451612904,80.6032258064516,13.088,31,52.3258064516129,,,0.294,29.13,0.1,26.22,33.72
2026.0,12.0,Kandy,0.25,1806,Arabica,77.25806451612904,80.6032258064516,13.088,31,52.3258064516129,,,0.356,18.27,0.3,12.79,11.86
2026.0,12.0,Kandy,0.25,1733,Arabica,77.25806451612904,80.6032258064516,13.088,31,52.3258064516129,,,0.418,17.42,0.3,12.19,13.54
2026.0,12.0,Kandy,0.75,1690,Arabica,77.25806451612904,80.6032258064516,13.088,31,52.3258064516129,,,0.429,52.22,0.3,36.55,33.3
2026.0,12.0,Kandy,0.5,1637,Arabica,77.25806451612904,80.6032258064516,13.088,31,52.3258064516129,,,0.32,40.88,0.3,28.62,29.15
2026.0,12.0,Kandy,0.25,1927,Arabica,77.25806451612904,80.6032258064516,13.088,31,52.3258064516129,,,0.383,20.73,0.3,14.51,13.36
2026.0,12.0,Kandy,0.75,1629,Robusta,77.25806451612904,80.6032258064516,13.088,31,52.3258064516129,,,0.405,104.87,0.3,73.41,66.49
2026.0,12.0,Kandy,0.75,1683,Arabica,77.25806451612904,80.6032258064516,13.088,31,52.3258064516129,,,0.26,57.94,0.1,52.15,46.64
