datetime,year,month,day,area_ha,predicted_yield_kg_per_ha,daily_harvest_kg,temp,feelslike,humidity,precip,severerisk,productivity_index,pickers_needed,harvesters_needed,loaders_needed
2023-01-01,2023,1,1,2.49816047538945,1768.6230144261806,142.9,70.0,70.1,76.1,0.0,,0.85,2,2,1
2023-01-02,2023,1,2,4.802857225639665,1565.066974724634,245.7,70.2,70.4,79.3,0.0,,0.85,3,3,1
2023-01-03,2023,1,3,3.9279757672456204,1691.4158888384604,191.7,69.5,69.7,84.1,0.024,,0.85,3,2,1
2023-01-04,2023,1,4,3.3946339367881464,1802.7338166838854,228.0,70.4,70.5,82.3,0.016,,0.85,3,3,1
2023-01-05,2023,1,5,1.624074561769746,1952.3158629034922,113.9,72.5,72.9,82.8,0.0,,0.85,2,2,1
2023-01-06,2023,1,6,1.6239780813448106,1431.449711872879,68.8,71.5,71.5,91.0,0.277,,0.77,1,1,1
2023-01-07,2023,1,7,1.2323344486727978,2039.5283191272342,69.8,70.6,70.6,92.2,0.366,,0.77,1,1,1
2023-01-08,2023,1,8,4.46470458309974,1902.3203115927263,303.6,69.8,69.8,93.1,0.166,,0.77,4,4,1
2023-01-09,2023,1,9,3.404460046972835,1465.4072255590975,176.6,70.0,70.1,86.7,0.016,,0.77,3,2,1
2023-01-10,2023,1,10,3.832290311184182,2098.862899285422,243.8,69.4,69.6,85.8,0.0,,0.77,4,3,1
2023-01-11,2023,1,11,1.0823379771832098,2136.6979204254503,91.0,68.5,68.5,81.2,0.0,,0.85,2,1,1
2023-01-12,2023,1,12,4.879639408647977,1448.862367883891,202.8,67.9,68.0,81.8,0.0,,0.85,3,2,1
2023-01-13,2023,1,13,4.329770563201687,1621.502118517763,227.7,69.0,69.2,82.3,0.0,,0.85,3,3,1
2023-01-14,2023,1,14,1.8493564427131046,2044.961023834449,148.4,71.2,71.5,85.2,0.0,,0.77,2,2,1
2023-01-15,2023,1,15,1.7272998688284025,1998.6077523069266,111.4,72.2,72.5,84.8,0.02,,0.85,2,2,1
2023-01-16,2023,1,16,1.7336180394137353,1547.6168154851018,94.4,71.9,72.3,88.8,0.036,,0.77,2,2,1
2023-01-17,2023,1,17,2.216968971838151,1567.4794586693683,111.1,71.2,71.2,91.5,0.243,,0.77,2,2,1
2023-01-18,2023,1,18,3.0990257265289514,1696.3776822331056,159.4,71.0,71.2,86.8,0.048,,0.77,3,2,1
2023-01-19,2023,1,19,2.727780074568463,1787.618388152817,194.0,69.5,69.6,77.2,0.0,,0.85,3,2,1
2023-01-20,2023,1,20,2.1649165607921677,1894.6038172242368,131.8,68.4,68.4,80.5,0.0,,0.85,2,2,1
2023-01-21,2023,1,21,3.447411578889518,1695.130911655818,225.5,67.5,67.5,94.4,0.106,,0.77,3,3,1
2023-01-22,2023,1,22,1.5579754426081673,1770.0277729065183,82.0,69.3,69.3,90.6,0.101,,0.77,2,1,1
2023-01-23,2023,1,23,2.1685785941408726,1997.9767505070054,127.9,70.9,70.9,88.4,0.03,,0.77,2,2,1
2023-01-24,2023,1,24,2.465447373174767,1429.3465623124782,95.4,71.8,72.1,87.9,0.001,,0.77,2,2,1
2023-01-25,2023,1,25,2.8242799368681437,1601.9495554752166,160.0,71.1,71.4,84.9,0.008,,0.85,2,2,1
2023-01-26,2023,1,26,4.140703845572054,1970.679668707642,257.7,70.8,71.0,87.0,0.008,,0.77,4,3,1
2023-01-27,2023,1,27,1.798695128633439,2116.1654701497596,145.4,70.1,70.1,89.8,0.001,,0.77,2,2,1
2023-01-28,2023,1,28,3.0569377536544464,1809.341953692533,182.4,71.2,71.3,84.1,0.052,,0.85,3,2,1
2023-01-29,2023,1,29,3.36965827544817,1825.6907882122525,243.5,69.3,69.4,84.9,0.016,,0.85,3,3,1
2023-01-30,2023,1,30,1.185801650879991,1485.7376090718208,51.3,70.3,70.5,86.0,0.114,,0.77,1,1,1
2023-01-31,2023,1,31,3.4301794076057535,1757.9298934587637,230.6,69.7,69.7,94.6,0.269,,0.77,3,3,1
2023-02-01,2023,2,1,1.6820964947491661,1826.0938131640185,113.7,70.9,70.9,92.7,0.238,,0.77,2,2,1
2023-02-02,2023,2,2,1.260206371941118,1593.9764029077837,74.2,71.7,71.9,90.2,1.814,,0.77,1,1,1
2023-02-03,2023,2,3,4.7955421490133325,1615.3945847595048,293.8,72.1,72.2,92.9,0.018,,0.77,4,4,1
2023-02-04,2023,2,4,4.862528132298237,1701.827330483698,304.6,73.2,73.6,84.9,0.056,,0.85,4,3,1
2023-02-05,2023,2,5,4.233589392465845,1416.056958222181,209.9,73.7,74.3,87.5,0.173,,0.77,3,3,1
2023-02-06,2023,2,6,2.2184550766934827,1657.6633324665427,104.5,71.1,71.1,90.6,0.173,,0.77,2,2,1
2023-02-07,2023,2,7,1.3906884560255355,1569.1584055972357,59.1,72.1,72.1,90.7,0.161,,0.77,1,1,1
2023-02-08,2023,2,8,3.7369321060486276,1661.9978817423316,241.9,73.2,73.7,82.8,0.012,,0.85,3,3,1
2023-02-09,2023,2,9,2.760609974958405,1495.809705455401,144.1,72.5,72.7,79.3,0.001,,0.85,2,2,1
2023-02-10,2023,2,10,1.4881529393791153,2112.421824591916,117.2,72.0,72.3,83.9,0.028,,0.85,2,2,1
2023-02-11,2023,2,11,2.9807076404450807,1874.873962843239,184.9,72.3,72.7,83.5,0.007,,0.85,3,2,1
2023-02-12,2023,2,12,1.1375540844608736,1943.2818553155917,62.4,73.0,73.4,84.6,0.0,,0.85,1,1,1
2023-02-13,2023,2,13,4.637281608315128,2031.3369908858706,266.9,72.0,72.2,79.1,0.001,,0.85,4,3,1
2023-02-14,2023,2,14,2.0351199264000677,1798.7537591432458,131.1,71.8,72.1,80.0,0.0,,0.85,2,2,1
2023-02-15,2023,2,15,3.650089137415928,1469.536230469939,173.8,70.2,70.3,76.7,0.0,,0.85,3,2,1
2023-02-16,2023,2,16,2.246844304357644,1829.6852334548382,120.6,69.5,69.7,73.1,0.0,,0.85,2,2,1
2023-02-17,2023,2,17,3.0802720847112433,1869.4728944167032,191.3,71.7,71.9,80.1,0.0,,0.85,3,2,1
2023-02-18,2023,2,18,3.1868411173731186,1996.351579347464,175.1,72.9,73.5,85.0,0.001,,0.85,3,2,1
2023-02-19,2023,2,19,1.7394178221021082,1745.3276369837436,104.5,71.3,71.3,90.6,0.216,,0.77,2,2,1
2023-02-20,2023,2,20,4.878338511058234,1502.064242236451,221.7,70.8,70.8,93.0,0.249,,0.77,3,3,1
2023-02-21,2023,2,21,4.100531293444458,1627.0207246389796,248.9,73.1,73.6,85.4,0.048,,0.77,4,3,1
2023-02-22,2023,2,22,4.757995766256757,1690.465837118908,247.8,72.3,72.5,80.7,0.016,,0.85,3,3,1
2023-02-23,2023,2,23,4.579309401710596,1916.7337930652811,287.3,72.8,73.2,80.6,0.04,,0.85,4,3,1
2023-02-24,2023,2,24,3.3915999152443406,1856.6226437351295,168.9,72.5,72.9,84.1,0.002,,0.85,2,2,1
2023-02-25,2023,2,25,4.687496940092467,1684.877380718277,218.2,73.4,73.9,84.9,0.002,,0.85,3,3,1
2023-02-26,2023,2,26,1.353970008207678,2189.212199034384,94.6,70.8,71.0,77.6,0.0,,0.85,2,1,1
2023-02-27,2023,2,27,1.7839314496765808,1884.6198554855098,111.2,68.6,68.7,86.5,0.159,,0.77,2,2,1
2023-02-28,2023,2,28,1.1809091556421523,1589.7814333887957,65.1,70.2,70.2,92.8,0.298,,0.77,1,1,1
2023-10-01,2023,10,1,2.3013213230530574,1481.425978096323,104.2,73.1,73.4,86.5,0.138,,0.77,2,2,1
2023-10-02,2023,10,2,2.554709158757928,1522.2873113474657,139.7,74.4,75.0,86.3,0.095,,0.77,2,2,1
2023-10-03,2023,10,3,2.0853961270955836,1596.7661827076065,127.0,74.1,74.2,88.0,0.05,,0.77,2,2,1
2023-10-04,2023,10,4,4.314950036607717,1528.5450986076446,244.5,74.1,74.5,89.2,0.052,,0.77,4,3,1
2023-10-05,2023,10,5,2.427013306774357,1549.2536192410446,102.3,74.6,74.8,87.4,0.415,,0.77,2,2,1
2023-10-06,2023,10,6,2.123738038749523,1628.0761349550776,114.4,74.1,74.3,91.1,0.043,,0.77,2,2,1
2023-10-07,2023,10,7,3.170784332632994,1538.698876235804,136.9,74.9,75.7,87.7,0.168,,0.77,2,2,1
2023-10-08,2023,10,8,1.5636968998990506,2117.41233970114,99.0,75.6,76.8,88.1,1.955,,0.77,2,2,1
2023-10-09,2023,10,9,4.208787923016159,1464.1869965293138,245.4,74.8,75.6,89.1,2.12,,0.77,4,3,1
2023-10-10,2023,10,10,1.2982025747190833,1819.6091116562038,67.5,73.8,74.6,91.2,1.825,,0.77,1,1,1
2023-10-11,2023,10,11,4.947547746402069,1728.3174615917292,284.9,72.8,73.2,93.4,0.798,,0.77,4,4,1
2023-10-12,2023,10,12,4.08897907718663,2185.9028935268852,312.0,73.6,74.0,91.6,1.841,,0.77,5,4,1
2023-10-13,2023,10,13,1.7948627261366896,1489.6311217344419,96.3,74.7,75.2,87.8,1.042,,0.77,2,2,1
2023-10-14,2023,10,14,1.0220884684944096,1718.2844792365934,59.9,73.9,74.7,90.0,2.11,,0.77,1,1,1
2023-10-15,2023,10,15,4.261845713819337,2175.576346620295,248.5,72.2,72.2,92.3,0.447,,0.77,4,3,1
2023-10-16,2023,10,16,3.8274293753904685,2092.405700715184,248.4,74.4,75.0,83.6,0.008,,0.85,3,3,1
2023-10-17,2023,10,17,3.9160286721639492,2053.657656759424,270.0,73.1,73.2,89.5,0.097,,0.77,4,3,1
2023-10-18,2023,10,18,4.0850813867437825,1606.322261635952,182.7,72.1,72.3,93.8,1.111,,0.77,3,2,1
2023-10-19,2023,10,19,1.2961786069363614,1536.7100699120526,62.4,72.3,72.7,91.2,0.202,,0.77,1,1,1
2023-10-20,2023,10,20,2.4338629141770904,1934.9145759395446,127.7,72.5,72.7,91.8,1.148,,0.77,2,2,1
2023-10-21,2023,10,21,1.4634762381005189,2143.5007913020686,86.9,73.5,73.9,89.1,0.042,,0.77,2,1,1
2023-10-22,2023,10,22,4.4524137035023745,1845.4103144111439,262.6,73.8,74.2,90.2,1.112,,0.77,4,3,1
2023-10-23,2023,10,23,3.4931925073102317,1857.29015157592,184.5,73.8,74.1,88.8,0.097,,0.77,3,2,1
2023-10-24,2023,10,24,2.3235920994105967,1623.9832749282273,129.2,73.8,74.3,86.0,0.083,,0.77,2,2,1
2023-10-25,2023,10,25,1.2542334011440945,2015.5943465535495,90.7,74.0,74.3,84.6,0.002,,0.85,2,1,1
2023-10-26,2023,10,26,2.243929286862649,1549.6349988460188,129.8,74.5,75.1,81.6,0.002,,0.85,2,2,1
2023-10-27,2023,10,27,2.300733288106988,1658.9433891233948,112.0,74.4,75.1,83.1,0.395,,0.85,2,2,1
2023-10-28,2023,10,28,3.9184247133522563,1740.3491508931334,197.1,73.3,73.5,89.6,0.434,,0.77,3,3,1
2023-10-29,2023,10,29,3.5502298854208525,1806.088302947564,179.9,73.7,74.5,88.5,0.583,,0.77,3,2,1
2023-10-30,2023,10,30,4.548850970305306,1593.9277859320641,254.9,73.0,73.5,90.0,1.143,,0.77,4,3,1
2023-10-31,2023,10,31,2.888859700647797,1491.8694597913627,155.5,72.9,73.5,89.9,0.236,,0.77,3,2,1
2023-11-01,2023,11,1,1.4783769837532068,1888.496033953306,75.6,73.1,73.9,90.8,1.487,,0.77,1,1,1
2023-11-02,2023,11,2,3.85297914889198,1630.9044425922045,246.0,74.2,75.4,91.4,0.198,,0.77,4,3,1
2023-11-03,2023,11,3,4.04314019446759,1864.9905771380897,206.3,73.9,74.6,92.7,1.284,,0.77,3,3,1
2023-11-04,2023,11,4,3.245108790277985,1523.4901722193617,167.5,72.9,73.4,91.4,1.31,,0.77,3,2,1
2023-11-05,2023,11,5,4.083868719818244,1784.9120814838539,263.3,72.7,73.0,93.3,0.769,,0.77,4,3,1
2023-11-06,2023,11,6,2.975182385457563,1826.0715460412687,208.0,73.0,73.4,91.4,0.576,,0.77,3,3,1
2023-11-07,2023,11,7,3.0909313175279762,1441.4588294579414,161.2,72.9,73.5,91.2,1.873,,0.77,3,2,1
2023-11-08,2023,11,8,2.7101640734341985,1669.2834225551364,169.0,73.6,74.5,90.1,0.239,,0.77,3,2,1
2023-11-09,2023,11,9,1.1016765069763808,1507.5317415511795,51.8,73.0,73.5,91.3,1.08,,0.77,1,1,1
2023-11-10,2023,11,10,1.4315657079732178,1450.6999763782142,77.9,73.4,73.9,90.2,0.913,,0.77,2,1,1
2023-11-11,2023,11,11,1.125716742746937,2191.9681859119564,68.4,74.6,75.4,88.7,0.232,,0.77,1,1,1
2023-11-12,2023,11,12,3.5456416450551216,1657.8830759797784,226.9,73.4,73.6,93.0,0.945,,0.77,3,3,1
2023-11-13,2023,11,13,2.2574239243053067,2047.899556683708,157.0,73.1,73.3,91.2,0.041,,0.77,3,2,1
2023-11-14,2023,11,14,3.034282764658811,1603.7125238110111,182.8,73.6,73.8,92.2,0.132,,0.77,3,2,1
2023-11-15,2023,11,15,4.6302658957043725,1945.2021777791433,294.5,74.1,74.3,92.6,0.09,,0.77,4,4,1
2023-11-16,2023,11,16,1.9971689165954998,2008.1822879117492,141.4,74.6,75.6,89.5,0.763,,0.77,2,2,1
2023-11-17,2023,11,17,2.641531692142519,1876.5109924862754,167.0,75.3,76.4,88.8,3.016,,0.77,3,2,1
2023-11-18,2023,11,18,4.022204554172195,1777.2609508401267,260.4,74.2,74.8,91.3,1.191,,0.77,4,3,1
2023-11-19,2023,11,19,1.9151926619664899,1729.4727313178148,91.9,73.3,73.9,91.6,2.36,,0.77,2,1,1
2023-11-20,2023,11,20,1.307919639315172,1679.0946132343963,60.3,73.4,73.9,91.7,0.887,,0.77,1,1,1
2023-11-21,2023,11,21,2.159005811655072,2143.6233153982607,138.7,74.8,75.8,89.1,1.079,,0.77,2,2,1
2023-11-22,2023,11,22,1.6448851490160177,2064.4955262301833,97.8,73.8,74.1,92.6,0.307,,0.77,2,2,1
2023-11-23,2023,11,23,4.718790609370292,2172.02152853321,392.5,74.4,75.3,88.9,0.032,,0.77,6,5,1
2023-11-24,2023,11,24,4.232481518257668,1499.4377787884357,187.8,74.2,74.8,85.5,0.016,,0.77,3,3,1
2023-11-25,2023,11,25,3.533615026041694,1984.6939801629155,278.3,74.0,74.7,86.3,0.01,,0.77,4,4,1
2023-11-26,2023,11,26,4.485842360750871,2150.6723654568304,300.6,73.8,74.3,86.8,0.017,,0.77,4,4,1
2023-11-27,2023,11,27,4.214688307596457,1544.9864529325282,189.5,74.0,74.4,90.2,0.019,,0.77,3,3,1
2023-11-28,2023,11,28,1.7462802355441434,1453.197013893422,94.4,73.7,74.2,90.5,0.376,,0.77,2,2,1
2023-11-29,2023,11,29,4.570235993959911,1992.8965194320472,322.9,72.9,73.4,92.4,0.126,,0.77,5,4,1
2023-11-30,2023,11,30,3.157368967662603,1859.5784905439295,195.6,72.4,72.7,91.6,0.148,,0.77,3,3,1
2023-12-01,2023,12,1,4.229760620656251,2073.4630214066174,298.8,71.8,71.8,94.1,0.516,,0.77,4,4,1
2023-12-02,2023,12,2,4.584365199693973,1511.8179013010315,251.3,72.9,72.9,92.9,0.812,,0.77,4,3,1
2023-12-03,2023,12,3,2.2720138998874555,2036.2138494879123,137.5,74.2,74.4,88.4,0.24,,0.77,2,2,1
2023-12-04,2023,12,4,1.440207698110707,1561.3018560381956,89.8,73.4,73.4,93.0,1.119,,0.77,2,1,1
2023-12-05,2023,12,5,1.9117406501677667,1530.9247542925636,116.1,73.9,74.1,90.2,0.054,,0.77,2,2,1
2023-12-06,2023,12,6,2.7084311545050253,1531.4126383447942,146.6,74.4,74.9,88.5,0.004,,0.77,2,2,1
2023-12-07,2023,12,7,4.272059063689973,2051.659776185106,257.0,75.4,76.8,89.4,2.07,,0.77,4,3,1
2023-12-08,2023,12,8,4.442922333025374,1932.15777655696,306.8,74.0,74.7,92.5,2.606,,0.77,4,4,1
2023-12-09,2023,12,9,1.0278085221247628,1818.4523398152955,51.6,73.9,74.4,91.4,0.595,,0.77,1,1,1
2023-12-10,2023,12,10,3.042989210310263,1687.064387298802,139.0,73.1,73.4,92.0,0.258,,0.77,2,2,1
2023-12-11,2023,12,11,2.669644012595116,2101.7604326504866,168.9,74.1,74.6,88.7,0.27,,0.77,3,2,1
2023-12-12,2023,12,12,1.888431241882921,1713.9560859381083,106.3,71.4,71.4,93.4,0.071,,0.77,2,2,1
2023-12-13,2023,12,13,1.4794614693347312,2053.279551577262,116.2,72.2,72.6,88.8,0.156,,0.77,2,2,1
2023-12-14,2023,12,14,2.350460685614512,1751.3079268561746,149.7,71.9,71.9,94.3,0.12,,0.77,2,2,1
2023-12-15,2023,12,15,4.771638815650077,1701.555543539926,296.9,71.8,71.8,95.6,0.77,,0.77,4,4,1
2023-12-16,2023,12,16,2.292811728083021,1770.143828535685,131.3,72.0,72.0,96.7,0.943,,0.77,2,2,1
2023-12-17,2023,12,17,3.0751624869734644,1641.1022993313136,157.9,74.5,75.3,89.5,0.007,,0.77,3,2,1
2023-12-18,2023,12,18,3.8120758355807114,1998.0875041410009,240.8,73.0,73.2,92.2,0.568,,0.77,4,3,1
2023-12-19,2023,12,19,2.454518409517176,1802.1763120739834,176.2,73.0,73.2,91.2,0.111,,0.77,3,2,1
2023-12-20,2023,12,20,4.887128330883843,1585.7701561174538,210.8,73.3,73.4,91.3,0.149,,0.77,3,3,1
2023-12-21,2023,12,21,4.849789179768445,2119.6596586196547,393.0,74.5,75.2,85.3,0.032,,0.77,6,5,1
2023-12-22,2023,12,22,2.0071291833014566,1707.112977098569,117.8,74.0,74.6,82.8,0.001,,0.85,2,2,1
2023-12-23,2023,12,23,2.988994023569542,1834.842288891191,178.3,73.8,74.3,79.2,0.0,,0.85,3,2,1
2023-12-24,2023,12,24,2.2035132392670786,2125.177688771638,170.2,73.2,73.6,86.6,0.015,,0.77,3,2,1
2023-12-25,2023,12,25,2.1393619775098704,1899.3903967311937,134.7,72.0,72.0,87.2,0.056,,0.77,2,2,1
2023-12-26,2023,12,26,1.1475477894181312,1493.5184325666912,65.7,71.6,71.6,88.9,0.14,,0.77,1,1,1
2023-12-27,2023,12,27,3.4382573359195874,2151.86569889078,286.2,72.8,73.1,94.4,0.846,,0.77,4,4,1
2023-12-28,2023,12,28,3.010716092915446,1902.1664424571343,184.9,71.9,71.9,95.8,0.769,,0.77,3,3,1
2023-12-29,2023,12,29,1.2059150049999574,1667.9244917256688,61.1,71.3,71.3,95.9,0.844,,0.77,1,1,1
2023-12-30,2023,12,30,2.1145858569464457,1511.4176581307097,110.5,72.5,72.7,91.8,0.89,,0.77,2,2,1
2023-12-31,2023,12,31,4.633063543866615,2035.2201514162368,366.2,72.1,72.1,91.9,0.052,,0.77,5,4,1
2024-01-01,2024,1,1,1.9582475626678897,1896.0582047428109,109.4,71.2,71.2,96.1,1.385,,0.77,2,2,1
2024-01-02,2024,1,2,1.5795794883648924,1826.7688735810573,100.9,72.2,72.7,89.7,0.207,,0.77,2,2,1
2024-01-03,2024,1,3,2.957811041110252,2115.1140664407662,219.5,74.0,74.8,87.1,0.001,,0.77,3,3,1
2024-01-04,2024,1,4,4.942601816442403,2030.8777689796248,365.8,74.3,75.1,86.0,0.002,,0.77,5,4,1
2024-01-05,2024,1,5,1.9682210860460017,1521.339903786201,85.1,74.5,75.3,86.1,0.004,,0.77,2,1,1
2024-01-06,2024,1,6,3.688542189623514,1649.3776542364385,220.3,74.1,74.7,87.5,0.457,,0.77,3,3,1
2024-01-07,2024,1,7,4.04647846131487,1598.7913118515726,250.9,74.0,74.5,89.9,0.041,,0.77,4,3,1
2024-01-08,2024,1,8,1.9505501759695987,1995.1570340581416,113.1,72.1,72.1,93.6,0.195,,0.77,2,2,1
2024-01-09,2024,1,9,3.9128653944474383,1426.8259477886236,166.6,71.0,71.0,95.4,1.337,,0.77,3,2,1
2024-01-10,2024,1,10,2.471132530877013,1855.9117478970531,181.7,70.6,70.6,95.7,0.401,,0.77,3,2,1
2024-01-11,2024,1,11,3.529223322374318,2009.9669485925524,206.3,71.9,72.3,92.5,0.048,,0.77,3,3,1
2024-01-12,2024,1,12,3.534118843043579,2101.4125094093997,282.6,72.8,73.3,84.4,0.02,,0.85,4,3,1
2024-01-13,2024,1,13,3.143098736299034,1673.665398972726,174.8,72.3,72.6,85.4,0.028,,0.77,3,2,1
2024-01-14,2024,1,14,1.3611590802176332,2057.00584373761,83.9,71.0,71.2,84.3,0.012,,0.85,1,1,1
2024-01-15,2024,1,15,4.341209982356952,1488.5053895641659,247.3,69.2,69.3,79.7,0.0,,0.85,3,3,1
2024-01-16,2024,1,16,2.2831202598869433,2077.1618333876145,154.6,69.1,69.3,82.4,0.004,,0.85,2,2,1
2024-01-17,2024,1,17,1.746074041599417,1501.990929865586,87.9,71.6,72.0,85.6,0.0,,0.77,2,1,1
2024-01-18,2024,1,18,1.1631005662190557,1717.829832448294,62.9,74.1,74.9,86.3,0.354,,0.77,1,1,1
2024-01-19,2024,1,19,3.3635717727529673,2037.8362926236427,237.0,72.4,72.8,91.6,0.51,,0.77,4,3,1
2024-01-20,2024,1,20,3.7102574473691297,1519.9339418790191,162.7,73.6,74.3,89.2,0.032,,0.77,3,2,1
2024-01-21,2024,1,21,1.0663513157114246,1583.401116186113,53.8,74.9,75.8,85.4,0.039,,0.77,1,1,1
2024-01-22,2024,1,22,3.048372233197124,1977.8020547144529,238.7,74.8,75.6,82.6,0.0,,0.85,3,3,1
2024-01-23,2024,1,23,1.9059831007917518,1976.0292292368595,113.4,73.1,73.6,80.6,0.004,,0.85,2,2,1
2024-01-24,2024,1,24,3.5806911616377994,1912.9181063082378,242.6,70.8,71.0,76.8,0.0,,0.85,3,3,1
2024-01-25,2024,1,25,1.6974657160199658,1955.15875557368,102.9,69.8,70.1,76.8,0.0,,0.85,2,2,1
2024-01-26,2024,1,26,3.763750952409864,1834.179554678077,255.3,71.0,71.3,80.8,0.024,,0.85,4,3,1
2024-01-27,2024,1,27,2.5469413852021496,1601.4392471255621,115.9,72.5,72.9,83.2,0.02,,0.85,2,2,1
2024-01-28,2024,1,28,4.746919954946938,1676.5567948031355,315.1,72.6,72.8,88.1,0.003,,0.77,5,4,1
2024-01-29,2024,1,29,1.550083776583973,1545.2781734411406,78.4,71.4,71.4,91.0,0.001,,0.77,2,1,1
2024-01-30,2024,1,30,2.364265404201034,2126.7604490669028,149.9,73.1,73.6,90.3,0.0,,0.77,2,2,1
2024-01-31,2024,1,31,1.4538940849623563,1866.7134358128965,75.0,73.1,73.4,91.3,1.051,,0.77,1,1,1
2024-02-01,2024,2,1,4.698774473114251,1720.681133410912,233.9,72.7,73.0,89.5,0.985,,0.77,4,3,1
2024-02-02,2024,2,2,4.509357413523924,1769.6046429153062,268.1,73.8,74.6,84.8,0.001,,0.85,4,3,1
2024-02-03,2024,2,3,2.0317665108606224,2157.8266716894523,136.6,73.9,74.3,77.9,0.0,,0.85,2,2,1
2024-02-04,2024,2,4,3.639936184136716,1522.6811224928642,209.1,72.1,72.3,88.9,1.0,,0.77,3,3,1
2024-02-05,2024,2,5,4.268888800804863,1868.9838656134377,258.6,73.5,74.1,89.0,0.001,,0.77,4,3,1
2024-02-06,2024,2,6,3.2208032463978493,1804.7109431075728,174.3,72.9,73.3,83.6,0.012,,0.85,3,2,1
2024-02-07,2024,2,7,3.118602313424026,1889.1633883477182,205.6,70.9,70.9,81.8,0.0,,0.85,3,3,1
2024-02-08,2024,2,8,1.9674091636018067,1414.4881470566725,100.4,70.1,70.1,78.3,0.0,,0.85,2,1,1
2024-02-09,2024,2,9,1.3724110712235968,2097.699127155321,83.2,69.8,69.8,78.6,0.0,,0.85,1,1,1
2024-02-10,2024,2,10,4.5888630318133075,2145.69462598689,284.6,69.9,69.9,85.1,0.004,,0.77,4,4,1
2024-02-11,2024,2,11,4.601672228653322,1852.106546871367,231.4,70.3,70.3,85.5,0.008,,0.77,4,3,1
2024-02-12,2024,2,12,3.5324058290930718,1957.3206591015137,252.3,71.7,71.7,87.7,0.056,,0.77,4,3,1
2024-02-13,2024,2,13,2.3561191641948027,2137.9995049418367,178.9,72.4,72.4,88.1,0.104,,0.77,3,2,1
2024-02-14,2024,2,14,2.3968382984506436,1965.7909074507188,155.5,72.0,72.0,90.8,0.116,,0.77,3,2,1
2024-02-15,2024,2,15,3.9038227154809575,1522.031234331409,225.3,72.5,72.5,91.5,0.128,,0.77,3,3,1
2024-02-16,2024,2,16,4.588441039810308,1861.0306881334504,319.4,70.9,70.9,93.5,0.1,,0.77,5,4,1
2024-02-17,2024,2,17,4.548345697060469,1885.3720371062848,295.6,72.8,73.1,87.7,0.016,,0.77,4,4,1
2024-02-18,2024,2,18,4.1195021834304955,1739.3045370419088,274.0,72.2,72.3,81.3,0.0,,0.85,4,3,1
2024-02-19,2024,2,19,3.568126584617151,1989.1553884997784,208.7,71.5,71.9,79.3,0.0,,0.85,3,3,1
2024-02-20,2024,2,20,1.3365598599801953,2147.493611815212,80.8,73.8,74.5,84.2,0.052,,0.85,1,1,1
2024-02-21,2024,2,21,1.646514856378455,2140.454810325421,106.7,74.3,74.7,80.1,0.0,,0.85,2,2,1
2024-02-22,2024,2,22,4.5942167541083165,1760.6714971233057,221.9,75.1,75.8,75.7,0.0,,0.85,3,3,1
2024-02-23,2024,2,23,3.4257162386383597,1490.5904366726043,172.3,75.6,76.4,78.9,0.016,,0.85,3,2,1
2024-02-24,2024,2,24,1.0367882064665186,2187.8729591698675,88.8,74.3,74.6,81.5,0.0,,0.85,2,1,1
2024-02-25,2024,2,25,1.4058861714641284,2071.1184691567473,79.2,72.3,72.5,81.4,0.0,,0.85,1,1,1
2024-02-26,2024,2,26,3.6540070764322232,1499.7301449626134,155.1,73.5,73.6,86.2,0.039,,0.77,3,2,1
2024-02-27,2024,2,27,1.0202463353848747,2136.673506093898,71.3,72.9,73.1,86.4,0.152,,0.77,1,1,1
2024-02-28,2024,2,28,1.6432322056699946,2095.9170896497026,134.7,73.1,73.1,86.0,0.136,,0.77,2,2,1
2024-02-29,2024,2,29,3.1949351574663445,1815.0704457008578,179.1,72.5,72.7,83.1,0.0,,0.85,3,2,1
2024-10-01,2024,10,1,3.767580790770773,1873.0203485959435,235.9,74.1,75.1,86.9,0.902,,0.77,4,3,1
2024-10-02,2024,10,2,3.607845038010402,1719.2021630961042,168.8,74.0,74.4,79.7,0.362,,0.85,2,2,1
2024-10-03,2024,10,3,1.8970772378422391,1443.809311057625,78.5,74.6,75.3,81.8,0.138,,0.85,1,1,1
2024-10-04,2024,10,4,3.8487168853901434,1668.1577933167207,255.7,75.1,75.8,78.9,0.0,,0.85,4,3,1
2024-10-05,2024,10,5,1.9489963499872003,2042.2827588784091,157.4,75.0,75.4,74.2,0.218,,0.85,2,2,1
2024-10-06,2024,10,6,2.301598792637071,1403.7056184036824,86.4,74.1,74.7,84.9,0.827,,0.85,2,1,1
2024-10-07,2024,10,7,3.9859656204720966,1666.7993373529152,261.5,73.1,73.1,90.7,0.82,,0.77,4,3,1
2024-10-08,2024,10,8,3.5985315961888587,1718.5349548727547,217.6,72.6,72.8,86.5,2.578,,0.77,3,3,1
2024-10-09,2024,10,9,4.396893641976712,1829.9164823503384,307.7,73.1,73.4,88.8,0.171,,0.77,4,4,1
2024-10-10,2024,10,10,3.6304515692013735,2135.8844931302083,253.8,72.0,72.0,92.1,1.084,,0.77,4,3,1
2024-10-11,2024,10,11,3.2732344133418865,1677.076795492769,184.1,71.7,71.7,91.0,0.2,,0.77,3,2,1
2024-10-12,2024,10,12,1.37469907131237,1677.5625615169822,76.5,72.3,72.3,91.2,0.249,,0.77,1,1,1
2024-10-13,2024,10,13,2.470863212237734,1990.0009984877988,174.8,70.0,70.0,90.1,0.136,,0.77,3,2,1
2024-10-14,2024,10,14,2.060809470726902,1761.7743527118457,103.6,70.6,70.6,89.7,0.673,,0.77,2,2,1
2024-10-15,2024,10,15,1.9759585735163343,1579.6838583519857,84.5,73.0,73.0,86.7,0.056,,0.77,2,1,1
2024-10-16,2024,10,16,4.892042219009783,1761.9516129061547,265.2,74.7,75.4,83.0,0.036,,0.85,4,3,1
2024-10-17,2024,10,17,2.5723908986670416,1512.6856163038399,140.3,75.1,75.8,82.2,0.008,,0.85,2,2,1
2024-10-18,2024,10,18,4.568186220708453,1541.1095892049786,206.7,74.2,74.9,82.8,0.0,,0.85,3,3,1
2024-10-19,2024,10,19,3.5245545039890516,1798.6942181915838,226.0,73.5,73.9,82.0,0.02,,0.85,3,3,1
2024-10-20,2024,10,20,4.179245214166594,1735.1403596036384,287.2,73.8,74.2,87.8,0.19,,0.77,4,4,1
2024-10-21,2024,10,21,3.0105483724207684,2131.87672085448,179.2,73.0,73.2,87.3,0.509,,0.77,3,2,1
2024-10-22,2024,10,22,3.3076155385054364,1689.9151192933064,199.2,72.9,72.9,91.3,0.556,,0.77,3,3,1
2024-10-23,2024,10,23,2.9700707752754556,1864.4706802224348,180.4,73.1,73.4,91.7,0.629,,0.77,3,2,1
2024-10-24,2024,10,24,1.780971951192178,1905.8114303356242,129.8,73.4,73.7,86.3,0.028,,0.77,2,2,1
2024-10-25,2024,10,25,3.8898084610460213,1410.475565270667,159.3,73.5,74.0,86.3,0.064,,0.77,3,2,1
2024-10-26,2024,10,26,2.123089449763423,1930.8298976133685,147.2,73.8,74.3,86.5,0.096,,0.77,2,2,1
2024-10-27,2024,10,27,1.0972638657258154,1542.4287734958011,64.0,73.9,74.3,87.4,0.072,,0.77,1,1,1
2024-10-28,2024,10,28,3.5818891836286713,2168.856253975564,305.0,73.1,73.5,83.5,0.111,,0.85,4,3,1
2024-10-29,2024,10,29,1.7084427176281958,1518.9301822024904,92.8,73.3,74.0,86.0,0.197,,0.77,2,2,1
2024-10-30,2024,10,30,4.761834337411657,1731.699298981619,274.6,74.2,75.2,85.3,0.032,,0.77,4,3,1
2024-10-31,2024,10,31,4.8157143080103495,1468.279734462915,246.8,73.0,73.6,88.4,0.229,,0.77,4,3,1
2024-11-01,2024,11,1,4.659457560881794,2197.499401476758,391.7,71.5,71.5,92.7,0.925,,0.77,6,5,1
2024-11-02,2024,11,2,2.4806348010217776,1801.756008264994,153.2,71.8,71.9,91.1,1.464,,0.77,2,2,1
2024-11-03,2024,11,3,1.0618264661154697,1876.308013856035,53.9,72.1,72.2,90.7,0.726,,0.77,1,1,1
2024-11-04,2024,11,4,4.713274250350901,1453.661181910742,267.8,71.3,71.3,92.5,0.58,,0.77,4,3,1
2024-11-05,2024,11,5,2.7127365932692573,1999.9683763193423,194.6,72.1,72.4,87.1,0.087,,0.77,3,3,1
2024-11-06,2024,11,6,4.866619276174678,1567.9244744764687,272.3,73.1,73.4,82.3,0.0,,0.85,4,3,1
2024-11-07,2024,11,7,4.854479908357011,2118.443431552571,303.8,73.3,74.0,86.2,0.06,,0.77,4,4,1
2024-11-08,2024,11,8,4.41203782186944,1564.1117123856056,244.7,72.3,72.3,93.3,0.466,,0.77,4,3,1
2024-11-09,2024,11,9,2.1777955682783428,1552.5501765309332,107.9,72.5,72.9,90.0,0.056,,0.77,2,2,1
2024-11-10,2024,11,10,2.540390914407701,1429.239734278476,128.3,72.5,72.8,84.9,0.088,,0.85,2,2,1
2024-11-11,2024,11,11,4.404546686067428,1777.6535560879993,219.9,73.9,74.4,85.7,0.04,,0.77,3,3,1
2024-11-12,2024,11,12,2.2676880206251107,1851.8729066100932,148.8,75.0,75.8,85.1,0.123,,0.77,2,2,1
2024-11-13,2024,11,13,1.67797098674437,1452.566911542682,97.5,73.0,73.6,89.6,0.363,,0.77,2,2,1
2024-11-14,2024,11,14,3.2272050498334006,2020.4220933560084,178.1,72.8,73.4,90.3,0.457,,0.77,3,2,1
2024-11-15,2024,11,15,4.744619096643124,1762.631067798422,332.0,72.5,72.5,93.8,1.077,,0.77,5,4,1
2024-11-16,2024,11,16,3.784119186699892,1819.512215462064,221.0,73.0,73.6,89.3,0.048,,0.77,3,3,1
2024-11-17,2024,11,17,3.28024468035746,1752.6101975505826,220.1,72.5,72.9,85.2,0.15,,0.77,3,3,1
2024-11-18,2024,11,18,1.3887059750830741,1720.6104487002608,88.6,72.8,72.9,88.2,0.084,,0.77,2,1,1
2024-11-19,2024,11,19,3.460028906796679,1847.7122650465744,218.8,72.7,73.1,90.6,0.784,,0.77,3,3,1
2024-11-20,2024,11,20,4.960215400417053,1524.19219674457,276.0,72.5,72.8,92.0,0.717,,0.77,4,3,1
2024-11-21,2024,11,21,1.5603360609460961,1545.5425043962168,92.6,71.8,71.8,93.8,0.764,,0.77,2,2,1
2024-11-22,2024,11,22,3.073318609454947,2089.428496810814,205.8,71.5,71.5,90.2,0.419,,0.77,3,3,1
2024-11-23,2024,11,23,4.509492287711822,2156.8923697069063,301.8,71.0,71.0,91.6,0.096,,0.77,4,4,1
2024-11-24,2024,11,24,3.9630744710168178,1698.6474530238024,239.4,69.8,69.8,96.5,1.136,,0.77,4,3,1
2024-11-25,2024,11,25,3.788062963981072,1616.595738514843,229.3,68.5,68.5,98.3,2.663,,0.77,3,3,1
2024-11-26,2024,11,26,3.809936335948437,1915.1996345912125,268.7,68.9,68.9,98.9,4.098,,0.77,4,3,1
2024-11-27,2024,11,27,2.4379646048790207,1726.987336878477,157.1,69.9,69.9,98.1,2.849,,0.77,3,2,1
2024-11-28,2024,11,28,2.1743673770579734,1420.309084528276,100.3,67.9,67.9,95.0,0.374,,0.77,2,2,1
2024-11-29,2024,11,29,4.2374446219140545,1524.9220778929523,242.8,68.9,68.9,92.9,0.808,,0.77,4,3,1
2024-11-30,2024,11,30,4.240453578716723,1972.777783077918,236.5,70.0,70.0,90.8,0.127,,0.77,4,3,1
2024-12-01,2024,12,1,4.468289274320415,1927.1391535281211,292.1,72.6,72.6,79.5,0.012,,0.85,4,3,1
2024-12-02,2024,12,2,4.652962210225885,1421.676794002787,176.9,71.8,72.3,81.0,0.0,,0.85,3,2,1
2024-12-03,2024,12,3,3.045369595443751,1577.5777295463595,148.9,71.4,71.7,80.8,0.0,,0.85,2,2,1
2024-12-04,2024,12,4,3.0060651787487984,1584.859837270457,150.3,73.3,73.7,84.5,0.036,,0.85,2,2,1
2024-12-05,2024,12,5,4.193180715867101,1937.5141948789828,259.6,74.0,74.6,85.4,0.003,,0.77,4,3,1
2024-12-06,2024,12,6,3.5998557231110606,1415.7684302034913,183.2,73.1,73.4,83.2,0.012,,0.85,3,2,1
2024-12-07,2024,12,7,3.8078675090308134,1483.2868655876591,179.9,73.2,73.6,80.3,0.0,,0.85,3,2,1
2024-12-08,2024,12,8,4.183170677744404,2039.9328682985515,278.6,72.0,72.1,88.4,0.265,,0.77,4,4,1
2024-12-09,2024,12,9,4.560021367270265,1542.835729643467,209.9,71.3,71.4,81.8,0.0,,0.85,3,3,1
2024-12-10,2024,12,10,2.351980627406143,1922.1968862814997,143.1,71.7,71.7,85.2,0.008,,0.77,2,2,1
2024-12-11,2024,12,11,2.502331810559776,1590.5462248373813,118.2,73.2,73.4,92.6,0.026,,0.77,2,2,1
2024-12-12,2024,12,12,1.375927759363476,1479.553114207476,56.3,73.8,74.2,91.1,0.015,,0.77,1,1,1
2024-12-13,2024,12,13,3.313120563984696,1594.5377527995633,183.4,72.7,73.0,91.9,0.571,,0.77,3,2,1
2024-12-14,2024,12,14,1.1437690951869683,1977.8135454845274,80.5,71.7,71.9,93.3,2.086,,0.77,2,1,1
2024-12-15,2024,12,15,2.8623920725298406,2084.5571744850286,208.4,72.1,72.1,88.6,0.347,,0.77,3,3,1
2024-12-16,2024,12,16,3.1705785388303065,2064.175891653593,215.0,69.9,69.9,97.7,0.177,,0.77,3,3,1
2024-12-17,2024,12,17,2.1461650085131376,1717.7468236947639,117.0,71.5,71.5,95.3,0.024,,0.77,2,2,1
2024-12-18,2024,12,18,3.363333042276043,1934.468109256517,248.4,72.6,72.8,89.6,0.002,,0.77,4,3,1
2024-12-19,2024,12,19,1.1220009997561977,1563.9874363326567,58.9,73.8,74.3,85.9,0.04,,0.77,1,1,1
2024-12-20,2024,12,20,1.1493927549968577,1634.5181842088107,62.1,74.6,75.3,87.3,0.006,,0.77,1,1,1
2024-12-21,2024,12,21,4.290402242638633,2117.068654816896,245.3,73.5,73.9,89.3,0.116,,0.77,4,3,1
2024-12-22,2024,12,22,2.4407625656450516,1410.4015388085888,107.5,73.3,73.6,88.6,0.419,,0.77,2,2,1
2024-12-23,2024,12,23,1.5082420506075391,1468.4068246835745,70.3,72.9,73.3,83.2,0.0,,0.85,1,1,1
2024-12-24,2024,12,24,3.0889730402192175,1566.3090041168218,154.7,71.0,71.1,80.4,0.0,,0.85,2,2,1
2024-12-25,2024,12,25,4.079974212394443,1421.2257630990557,199.5,71.6,71.8,77.3,0.0,,0.85,3,2,1
2024-12-26,2024,12,26,1.8632841099873727,1545.148348071838,97.3,72.5,72.7,82.5,0.0,,0.85,2,1,1
2024-12-27,2024,12,27,3.491561903276001,1866.4332487757538,226.6,71.1,71.3,87.1,0.225,,0.77,3,3,1
2024-12-28,2024,12,28,1.341389859975072,1737.1396404739985,85.9,72.7,73.0,87.6,0.564,,0.77,2,1,1
2024-12-29,2024,12,29,1.2067268846744308,2114.13736886158,95.7,71.8,72.0,88.7,0.004,,0.77,2,2,1
2024-12-30,2024,12,30,3.125418526272592,2053.9548493907528,232.7,72.4,72.8,92.2,0.383,,0.77,4,3,1
2024-12-31,2024,12,31,3.162540486440426,1673.4538813583008,208.6,72.0,72.1,93.4,0.035,,0.77,3,3,1
2025-01-01,2025,1,1,3.549719605992826,1607.538746745034,153.6,70.5,70.5,95.8,0.348,10.0,0.77,2,2,1
2025-01-02,2025,1,2,3.904365334890646,1703.7539265338135,194.8,68.9,68.9,95.9,0.815,10.0,0.77,3,3,1
2025-01-03,2025,1,3,4.903408317850138,1872.2359540118462,245.7,70.1,70.1,90.3,0.001,10.0,0.77,4,3,1
2025-01-04,2025,1,4,3.0652013932047812,1614.450912658301,174.7,70.2,70.1,87.8,0.068,10.0,0.77,3,2,1
2025-01-05,2025,1,5,2.291825891764984,1899.3191262793073,168.2,71.2,71.3,88.1,0.044,10.0,0.77,3,2,1
2025-01-06,2025,1,6,4.180744779074814,1727.5293217529925,216.0,70.4,70.4,86.2,0.0,10.0,0.77,3,3,1
2025-01-07,2025,1,7,2.083329005048297,1841.637744681584,149.7,70.7,70.9,82.8,0.0,10.0,0.85,2,2,1
2025-01-08,2025,1,8,2.7558856828225444,1748.9012233082533,132.4,71.7,72.0,87.5,0.0,10.0,0.77,2,2,1
2025-01-09,2025,1,9,1.3138255253690638,1635.572607633534,84.1,72.1,72.3,89.8,0.052,30.0,0.77,2,1,1
2025-01-10,2025,1,10,1.10140297366183,2158.7626455697255,74.6,72.7,73.0,91.3,0.027,30.0,0.77,1,1,1
2025-01-11,2025,1,11,4.8505936587117,2010.8846353278086,273.3,68.9,68.9,96.5,0.016,30.0,0.77,4,3,1
2025-01-12,2025,1,12,4.343920482048823,1512.090540613162,217.7,69.6,69.6,97.8,1.975,30.0,0.77,3,3,1
2025-01-13,2025,1,13,3.783896824374792,2094.77438071833,238.5,71.6,71.7,89.2,0.007,10.0,0.77,4,3,1
2025-01-14,2025,1,14,2.6358117776570795,1789.9449585996108,143.7,69.7,69.7,96.7,0.08,10.0,0.77,2,2,1
2025-01-15,2025,1,15,1.693177280283383,2115.641781515273,110.2,71.4,71.4,92.3,0.009,10.0,0.77,2,2,1
2025-01-16,2025,1,16,1.6257481706843442,2039.8842047578523,123.9,70.6,70.6,94.3,0.009,10.0,0.77,2,2,1
2025-01-17,2025,1,17,2.0009715926583813,1740.1708035753868,117.9,71.6,72.0,87.2,0.133,10.0,0.77,2,2,1
2025-01-18,2025,1,18,3.196906658824482,1417.975446656094,139.7,71.1,71.1,94.4,0.001,10.0,0.77,2,2,1
2025-01-19,2025,1,19,3.8583836908002493,1614.9418875079568,216.9,69.2,69.2,98.3,0.086,10.0,0.77,3,3,1
2025-01-20,2025,1,20,3.640789506870925,1833.3073717286934,241.7,71.4,71.6,87.6,0.218,10.0,0.77,4,3,1
2025-01-21,2025,1,21,2.1197355877837714,1906.7825758609179,122.5,67.6,67.6,93.1,0.06,10.0,0.77,2,2,1
2025-01-22,2025,1,22,4.819461122652776,1606.3101483465618,249.1,68.1,68.1,98.4,0.005,10.0,0.77,4,3,1
2025-01-23,2025,1,23,3.951587666783074,1511.4848592582593,169.0,70.2,70.8,91.4,0.026,10.0,0.77,3,2,1
2025-01-24,2025,1,24,3.2174162100456027,2067.9441894394395,193.5,68.4,68.4,96.5,0.001,10.0,0.77,3,3,1
2025-01-25,2025,1,25,3.446882984937409,2187.521744562842,269.5,67.6,67.7,94.9,0.002,10.0,0.77,4,3,1
2025-01-26,2025,1,26,2.6784002497111596,1820.5521458421485,141.8,68.8,69.4,95.4,0.031,30.0,0.77,2,2,1
2025-01-27,2025,1,27,1.9909239580046298,1537.3434286786428,103.1,65.9,65.9,75.4,0.0,10.0,0.85,2,2,1
2025-01-28,2025,1,28,2.4238907146050463,1617.8458612154952,141.6,66.6,66.6,86.5,0.1,10.0,0.77,2,2,1
2025-01-29,2025,1,29,4.031384441857476,1414.7125412379735,160.2,66.4,66.6,95.6,0.109,10.0,0.77,3,2,1
2025-01-30,2025,1,30,1.0575739545190235,2131.4390452483995,77.2,69.7,70.2,93.7,0.445,30.0,0.77,2,1,1
2025-01-31,2025,1,31,1.464290562027665,1494.2008663121128,65.8,71.5,72.5,91.9,0.002,30.0,0.77,1,1,1
2025-02-01,2025,2,1,1.184010568087011,1861.2131804114028,87.1,70.3,70.8,85.9,0.008,10.0,0.77,2,1,1
2025-02-02,2025,2,2,1.1629152092758805,1619.2441765497647,62.4,70.7,71.0,71.0,0.0,10.0,0.85,1,1,1
2025-02-03,2025,2,3,4.421842336044029,1843.3424020126347,305.0,67.3,67.4,62.8,0.0,10.0,0.85,4,3,1
2025-02-04,2025,2,4,3.8146314375200947,1921.1363106814915,249.2,67.1,67.3,63.9,0.0,10.0,0.85,3,3,1
2025-02-05,2025,2,5,2.8966953163493008,2063.793442965761,162.9,70.0,70.1,84.5,0.012,10.0,0.85,2,2,1
2025-02-06,2025,2,6,1.391336642604006,1565.1370174084825,76.5,69.7,70.0,80.6,0.0,10.0,0.85,1,1,1
2025-02-07,2025,2,7,2.9664635004673294,1408.7966629267844,164.5,67.0,67.4,82.6,0.0,10.0,0.85,2,2,1
2025-02-08,2025,2,8,2.8938870831222627,1509.5085040550457,151.5,66.0,66.1,68.8,0.004,10.0,0.85,2,2,1
2025-02-09,2025,2,9,1.6928074796400607,2120.0149134784842,134.9,67.8,68.0,65.0,0.0,10.0,0.85,2,2,1
2025-02-10,2025,2,10,2.735406596951892,2099.1120620500124,220.8,65.8,66.0,70.5,0.0,10.0,0.85,3,3,1
2025-02-11,2025,2,11,2.5940189375894938,1877.9304817362467,144.7,68.7,69.0,83.9,0.004,10.0,0.85,2,2,1
2025-02-12,2025,2,12,3.463400392208866,1880.4134883469228,192.1,69.1,69.5,79.1,0.004,10.0,0.85,3,2,1
2025-02-13,2025,2,13,3.540374603470575,1932.0293396370043,238.1,69.7,69.9,46.0,0.0,10.0,0.85,3,3,1
2025-02-14,2025,2,14,1.181216039088178,1540.2970228987597,58.5,69.8,69.9,48.9,0.0,10.0,0.85,1,1,1
2025-02-15,2025,2,15,2.498450458505885,2131.529556739968,201.6,69.8,70.4,74.6,0.0,10.0,0.85,3,2,1
2025-02-16,2025,2,16,3.5034396628569455,1735.0164199136584,235.0,67.7,67.9,66.8,0.0,10.0,0.85,3,3,1
2025-02-17,2025,2,17,3.012545034320351,1706.510822599598,161.3,67.6,68.0,74.9,0.0,10.0,0.85,2,2,1
2025-02-18,2025,2,18,4.4259593647532895,1815.13416422627,239.6,68.0,68.6,80.9,0.008,10.0,0.85,3,3,1
2025-02-19,2025,2,19,3.63477452647578,1437.572773420044,193.7,69.0,69.4,69.1,0.0,10.0,0.85,3,2,1
2025-02-20,2025,2,20,1.6517377083257188,1533.0266950048635,76.8,68.6,68.8,62.7,0.0,10.0,0.85,1,1,1
2025-02-21,2025,2,21,1.2822749896017194,1990.4268931410963,96.1,71.7,71.9,64.0,0.0,10.0,0.85,2,1,1
2025-02-22,2025,2,22,3.5696771128252625,1466.2389343401012,169.1,70.3,70.5,76.7,0.0,10.0,0.85,2,2,1
2025-02-23,2025,2,23,1.1060452421664873,1882.5216875731105,74.1,67.6,67.9,60.9,0.0,10.0,0.85,1,1,1
2025-02-24,2025,2,24,3.343102325093853,1596.2792877450568,149.1,69.2,69.5,71.6,0.0,10.0,0.85,2,2,1
2025-02-25,2025,2,25,4.76092096569983,1711.4364912335814,285.1,70.1,70.6,85.1,0.0,10.0,0.77,4,4,1
2025-02-26,2025,2,26,3.301896711503516,1630.9549894165598,176.0,69.6,69.9,94.5,0.036,10.0,0.77,3,2,1
2025-02-27,2025,2,27,2.5526797048260876,1684.5381731719594,148.3,70.1,70.8,94.1,0.757,30.0,0.77,2,2,1
2025-02-28,2025,2,28,3.5731528737694127,1975.2367241473964,204.0,68.4,68.7,98.2,0.035,30.0,0.77,3,3,1
2025-10-01,2025,10,1,2.8330115619660665,1637.69737249854,169.3,74.5,75.1,71.7,0.0,10.0,0.85,2,2,1
2025-10-02,2025,10,2,3.1824671572637397,1853.1237122375178,225.1,70.0,70.4,75.6,0.0,10.0,0.85,3,3,1
2025-10-03,2025,10,3,4.765859235106101,1780.8403217592797,250.9,70.2,70.6,74.0,0.044,30.0,0.85,3,3,1
2025-10-04,2025,10,4,2.544410551203097,1930.9369322901184,137.3,67.0,67.2,85.6,0.448,30.0,0.77,2,2,1
2025-10-05,2025,10,5,4.844762255295657,2149.4637914598065,281.0,66.8,67.1,87.3,0.084,30.0,0.77,4,4,1
2025-10-06,2025,10,6,4.621402567824255,1986.0576777682004,323.3,69.9,70.1,81.8,0.307,30.0,0.85,4,4,1
2025-10-07,2025,10,7,1.7831645391571858,1571.9523028726053,97.4,71.3,71.6,81.4,0.032,30.0,0.85,2,1,1
2025-10-08,2025,10,8,1.2774452035006618,1424.9465080490277,61.8,70.5,70.9,84.0,0.481,30.0,0.85,1,1,1
2025-10-09,2025,10,9,1.4031120055097066,1609.81123543986,67.2,70.8,71.5,80.6,0.221,30.0,0.85,1,1,1
2025-10-10,2025,10,10,1.072887302606199,1876.0623445602039,64.2,69.9,70.2,79.6,0.028,10.0,0.85,1,1,1
2025-10-11,2025,10,11,1.3777718430237136,1441.1406507874003,68.7,69.3,69.6,83.7,0.283,30.0,0.85,1,1,1
2025-10-12,2025,10,12,3.7320270936654274,1797.092997760989,223.3,69.1,69.4,85.1,0.028,30.0,0.77,3,3,1
2025-10-13,2025,10,13,1.284754593840916,1877.4742791335113,96.1,69.1,69.6,87.3,0.267,30.0,0.77,2,2,1
2025-10-14,2025,10,14,2.275902521175045,1667.3951126535687,108.1,70.0,70.7,84.9,0.195,30.0,0.85,2,2,1
2025-10-15,2025,10,15,4.379501243877819,2016.7297629966574,317.4,68.7,69.0,88.6,0.395,30.0,0.77,5,4,1
2025-10-16,2025,10,16,1.0930877429433035,1485.2786025070175,52.0,70.3,70.8,87.5,1.214,30.0,0.77,1,1,1
2025-10-17,2025,10,17,4.257873930355743,1460.110225388647,201.3,68.8,69.1,89.8,1.322,30.0,0.77,3,3,1
2025-10-18,2025,10,18,2.1274190990935997,1982.5510049628826,152.8,68.6,68.9,89.8,1.371,30.0,0.77,2,2,1
2025-10-19,2025,10,19,1.472659310486625,1796.3930529649588,95.0,68.9,69.1,91.3,1.418,30.0,0.77,2,2,1
2025-10-20,2025,10,20,3.7869486614566026,1950.7219171421889,294.6,68.3,68.3,90.9,1.39,10.0,0.77,4,4,1
2025-10-21,2025,10,21,3.515771387119536,1747.861870882997,174.4,68.1,68.1,93.0,0.616,10.0,0.77,3,2,1
2025-10-22,2025,10,22,4.509888054108211,1597.1216265912853,202.1,68.7,68.7,88.5,0.088,10.0,0.77,3,3,1
2025-10-23,2025,10,23,3.940284175215543,2055.28185413936,294.2,67.9,67.9,89.1,0.213,10.0,0.77,4,4,1
2025-10-24,2025,10,24,4.213923721539395,2039.5327031751835,295.5,67.9,68.1,89.2,0.165,10.0,0.77,4,4,1
2025-10-25,2025,10,25,2.128138290285226,1955.7571766835413,126.2,67.8,67.8,90.1,0.056,30.0,0.77,2,2,1
2025-10-26,2025,10,26,1.7097581751188913,1617.71610978397,76.7,68.7,68.7,83.7,0.0,10.0,0.85,1,1,1
2025-10-27,2025,10,27,4.002459006563433,1872.1845334952695,208.4,68.5,68.8,80.6,0.008,10.0,0.85,3,3,1
2025-10-28,2025,10,28,4.2273389570690565,1688.7791175520215,275.5,70.5,70.9,77.8,0.064,10.0,0.85,4,3,1
2025-10-29,2025,10,29,4.962020568002693,1473.2656586613073,213.6,70.4,70.9,75.5,0.0,10.0,0.85,3,3,1
2025-10-30,2025,10,30,2.650470707645706,2133.850860369794,175.2,71.8,72.5,77.1,0.004,10.0,0.85,3,2,1
2025-10-31,2025,10,31,2.4880723431711327,1509.454904735169,111.5,70.6,71.0,76.5,0.0,10.0,0.85,2,2,1
2025-11-01,2025,11,1,4.105651842967987,2160.189883056642,278.5,70.2,70.6,79.9,0.016,30.0,0.85,4,3,1
2025-11-02,2025,11,2,2.3632141610120714,1756.8046183663646,114.6,70.9,71.2,83.1,0.04,10.0,0.85,2,2,1
2025-11-03,2025,11,3,4.723029302414259,1548.1063430708957,245.6,70.5,71.1,78.3,0.0,10.0,0.85,3,3,1
2025-11-04,2025,11,4,4.433651007372047,1833.5207579026865,224.1,69.8,70.2,74.9,0.016,30.0,0.85,3,3,1
2025-11-05,2025,11,5,2.7159761095000734,2098.3566687011266,212.8,68.7,69.0,79.7,0.012,10.0,0.85,3,3,1
2025-11-06,2025,11,6,4.0034842711659895,1985.7799091276488,236.8,68.2,68.2,89.3,0.218,10.0,0.77,4,3,1
2025-11-07,2025,11,7,4.018171496338729,2045.2489182891597,278.3,72.8,73.0,87.0,0.462,10.0,0.77,4,4,1
2025-11-08,2025,11,8,1.4124954753437304,1927.026693368574,104.5,72.1,72.3,86.7,0.232,10.0,0.77,2,2,1
2025-11-09,2025,11,9,4.610211626718266,1953.8212516142821,318.4,73.2,73.6,82.8,0.128,10.0,0.85,4,4,1
2025-11-10,2025,11,10,3.0210094897914286,2079.3565212522553,212.2,72.3,72.4,87.7,0.579,10.0,0.77,3,3,1
2025-11-11,2025,11,11,4.305829864430967,1599.7344070873487,213.5,73.1,73.3,87.6,0.213,30.0,0.77,3,3,1
2025-11-12,2025,11,12,2.280198404122447,1791.5399709145124,127.1,73.2,73.5,89.6,0.228,30.0,0.77,2,2,1
2025-11-13,2025,11,13,4.582092913984802,1576.9675534556818,257.2,72.5,72.7,88.8,0.139,10.0,0.77,4,3,1
2025-11-14,2025,11,14,2.5568067149366525,2190.1344063973174,223.6,71.1,71.1,88.6,0.16,10.0,0.77,3,3,1
2025-11-15,2025,11,15,1.0433506059211934,2155.2474717492905,79.8,70.8,70.8,94.4,0.439,30.0,0.77,2,1,1
2025-11-16,2025,11,16,4.621527905677055,1431.5414490948046,225.6,71.9,71.9,90.8,0.482,30.0,0.77,3,3,1
2025-11-17,2025,11,17,1.3651467071445342,1964.4601380125507,97.6,71.6,71.6,94.5,0.792,30.0,0.77,2,2,1
2025-11-18,2025,11,18,2.2772545503616595,2140.1986539325326,160.2,70.8,70.8,92.0,0.979,10.0,0.77,3,2,1
2025-11-19,2025,11,19,4.80024786820322,1544.4602761018668,203.6,71.8,71.8,88.8,0.202,30.0,0.77,3,3,1
2025-11-20,2025,11,20,4.802428587750224,1854.3561844421035,304.2,71.7,71.7,89.9,0.106,30.0,0.77,4,4,1
2025-11-21,2025,11,21,3.2937515524931444,2132.3906380704334,277.0,72.7,72.8,88.5,0.123,30.0,0.77,4,3,1
2025-11-22,2025,11,22,3.527348848679197,1427.156782868639,146.0,71.3,71.3,94.9,2.296,30.0,0.77,2,2,1
2025-11-23,2025,11,23,2.793782087913279,1957.936213797472,196.2,70.9,70.9,93.2,1.054,30.0,0.77,3,3,1
2025-11-24,2025,11,24,2.172843086792258,1637.8792058980407,104.4,69.6,69.6,94.8,1.685,10.0,0.77,2,2,1
2025-11-25,2025,11,25,2.314658181479664,2139.516956301224,167.4,68.9,68.9,96.5,0.852,10.0,0.77,3,2,1
2025-11-26,2025,11,26,3.6900738243081537,2176.846596132294,224.6,68.3,68.3,98.9,2.233,10.0,0.77,3,3,1
2025-11-27,2025,11,27,4.00949811775072,2155.413191290747,282.4,67.2,67.2,99.2,8.229,10.0,0.65,5,4,1
2025-11-28,2025,11,28,4.166316174903394,1779.371373325971,272.4,67.0,67.0,97.5,3.988,10.0,0.77,4,3,1
2025-11-29,2025,11,29,4.158472571178216,2089.6341207914506,272.0,67.3,67.3,94.6,0.605,10.0,0.77,4,3,1
2025-11-30,2025,11,30,1.3648244121947615,2075.639518828056,100.7,69.9,70.0,81.7,0.0,10.0,0.85,2,1,1
2025-12-01,2025,12,1,2.977681218810326,1655.2803785946046,183.7,70.5,70.5,77.6,0.0,10.0,0.85,3,2,1
2025-12-02,2025,12,2,1.2302350400665771,2063.132379320542,99.1,71.5,71.8,83.0,0.012,10.0,0.85,2,1,1
2025-12-03,2025,12,3,3.198115529294942,1429.6061077723941,136.2,72.5,72.5,87.1,0.056,10.0,0.77,2,2,1
2025-12-04,2025,12,4,2.766122005493508,1877.0159027856425,166.1,72.4,72.4,85.9,0.012,10.0,0.77,3,2,1
2025-12-05,2025,12,5,4.5508167310331995,1584.0070698301624,206.9,70.9,70.9,89.5,0.162,10.0,0.77,3,3,1
2025-12-06,2025,12,6,2.4036600502083147,1496.453508621823,143.5,71.0,71.0,88.3,0.136,10.0,0.77,2,2,1
2025-12-07,2025,12,7,1.4682680657104235,1461.5625613033674,83.7,72.0,72.0,87.4,0.076,30.0,0.77,2,1,1
2025-12-08,2025,12,8,1.5719667282113434,1957.0310207025118,104.2,71.9,71.9,86.6,0.0,10.0,0.77,2,2,1
2025-12-09,2025,12,9,4.046042526869889,1671.8999710144528,256.3,70.6,70.6,94.2,0.226,30.0,0.77,4,3,1
2025-12-10,2025,12,10,3.4728722532650442,1979.8134172230093,231.1,70.1,70.1,93.7,0.356,10.0,0.77,4,3,1
2025-12-11,2025,12,11,1.404490704491161,1452.285072639154,71.4,69.4,69.4,94.0,0.265,10.0,0.77,1,1,1
2025-12-12,2025,12,12,1.3364272244599897,1652.2322702644883,61.5,70.8,70.8,88.6,0.08,10.0,0.77,1,1,1
2025-12-13,2025,12,13,3.80387652583648,1831.5930339002698,256.0,70.5,70.5,90.3,0.116,10.0,0.77,4,3,1
2025-12-14,2025,12,14,1.291052025456774,2032.578531871171,74.4,70.3,70.3,90.5,0.096,10.0,0.77,1,1,1
2025-12-15,2025,12,15,4.287440237161425,1655.002002345656,267.4,70.6,70.6,88.7,0.136,10.0,0.77,4,3,1
2025-12-16,2025,12,16,3.824968908625985,1900.7131011496072,269.7,72.3,72.3,89.4,0.116,30.0,0.77,4,3,1
2025-12-17,2025,12,17,1.325395122567599,2108.7821985889495,100.9,70.1,70.1,95.0,0.62,10.0,0.77,2,2,1
2025-12-18,2025,12,18,1.3393508563407677,1892.6905505458437,68.8,69.4,69.4,96.7,0.363,10.0,0.77,1,1,1
2025-12-19,2025,12,19,4.946558314004702,1586.3675798029071,241.0,69.6,69.6,95.6,0.296,10.0,0.77,4,3,1
2025-12-20,2025,12,20,2.4970831830244813,1419.5206252452303,107.0,69.5,69.5,93.4,0.14,10.0,0.77,2,2,1
2025-12-21,2025,12,21,2.4825685882675637,2096.079099120744,163.8,69.4,69.4,92.6,0.056,10.0,0.77,3,2,1
2025-12-22,2025,12,22,4.25119826903001,1417.0155286803097,167.7,70.4,70.4,87.9,0.024,10.0,0.77,3,2,1
2025-12-23,2025,12,23,4.788994309535434,2099.7613381473593,393.8,69.8,69.8,87.7,0.024,10.0,0.77,6,5,1
2025-12-24,2025,12,24,4.944004255291484,1823.1497072217696,306.9,68.6,68.6,89.1,0.108,10.0,0.77,4,4,1
2025-12-25,2025,12,25,4.0135127410357665,2151.2541588103168,265.4,68.3,68.3,87.5,0.036,10.0,0.77,4,3,1
2025-12-26,2025,12,26,2.505038342123663,2039.0265886189322,163.2,68.2,68.2,80.6,0.004,10.0,0.85,2,2,1
2025-12-27,2025,12,27,1.334002866794675,2198.34728842667,95.7,68.1,68.1,88.7,0.104,10.0,0.77,2,2,1
2025-12-28,2025,12,28,4.108587663709747,1680.5694523613681,239.4,69.1,69.1,87.9,0.08,10.0,0.77,4,3,1
2025-12-29,2025,12,29,3.23361699894322,2013.7506311449015,218.4,69.8,69.8,87.3,0.04,10.0,0.77,3,3,1
2025-12-30,2025,12,30,2.696888036987905,1721.5447308873936,180.7,70.4,70.4,88.6,0.155,10.0,0.77,3,2,1
2025-12-31,2025,12,31,4.625417540378944,1783.900496243127,274.7,69.4,69.4,92.0,0.674,10.0,0.77,4,3,1
2026-01-01,2026,1,1,1.4447899292246054,1902.0043705746962,109.6,69.4,69.4,90.5,0.42,10.0,0.77,2,2,1
2026-01-02,2026,1,2,2.9705004171634366,2098.941691349071,237.0,69.9,69.9,90.2,0.347,10.0,0.77,4,3,1
2026-01-03,2026,1,3,1.0454145790696763,2187.266775359436,67.3,68.1,68.1,90.8,0.111,10.0,0.77,1,1,1
2026-01-04,2026,1,4,2.874642567976505,2014.6187310916146,226.3,67.5,67.5,86.6,0.008,10.0,0.77,3,3,1
2026-01-05,2026,1,5,1.2252131027273494,1734.213425733867,60.0,64.8,64.8,89.8,0.004,10.0,0.77,1,1,1
2026-01-06,2026,1,6,1.4752716650722877,1737.0856018216562,96.3,65.7,65.7,95.6,0.036,10.0,0.77,2,2,1
2026-01-07,2026,1,7,1.4701049871084195,1990.0658412711132,92.9,65.8,65.8,98.7,0.24,10.0,0.77,2,2,1
2026-01-08,2026,1,8,3.5968412084642543,1591.021716614642,219.6,66.0,66.0,93.0,0.158,10.0,0.77,3,3,1
2026-01-09,2026,1,9,3.984179517061693,1488.3792905051157,226.8,65.8,65.8,86.6,0.02,10.0,0.77,3,3,1
2026-01-10,2026,1,10,3.3334750603886385,1683.6977261126212,210.0,66.7,66.7,85.6,0.016,10.0,0.77,3,3,1
2026-01-11,2026,1,11,4.848690193898168,1629.7911933232654,294.0,68.4,68.4,86.9,0.036,10.0,0.77,4,4,1
2026-01-12,2026,1,12,2.4994823180948162,1637.0464963647921,125.7,67.4,67.4,95.2,0.516,10.0,0.77,2,2,1
2026-01-13,2026,1,13,2.142848345127443,1586.8862008399278,94.3,76.6,92.9,74.3,0.272,,0.85,2,1,1
2026-01-14,2026,1,14,4.474396512757841,1433.6745517090894,205.5,76.2,91.7,75.4,0.232,,0.85,3,3,1
2026-01-15,2026,1,15,1.8943833540778106,1414.299147786731,77.6,76.6,92.0,74.2,0.071,,0.85,1,1,1
2026-01-16,2026,1,16,4.852890157762445,2190.1779117888254,381.9,76.9,92.7,75.3,0.24,,0.85,5,4,1
2026-01-17,2026,1,17,1.0486178987592654,1742.2185069886898,57.1,77.1,92.2,73.2,0.02,,0.85,1,1,1
2026-01-18,2026,1,18,4.879515306830556,1707.4613177277454,330.6,76.7,92.6,74.6,0.075,,0.85,4,4,1
2026-01-19,2026,1,19,1.1726396478023045,1943.717826154456,80.3,76.4,91.5,74.8,0.067,,0.85,1,1,1
2026-01-20,2026,1,20,4.564572454792284,1574.6031102920513,270.5,76.7,92.6,75.5,0.106,,0.85,4,3,1
2026-01-21,2026,1,21,3.1108044363451994,2159.9689471601805,191.1,77.1,92.9,74.8,0.138,,0.85,3,2,1
2026-01-22,2026,1,22,4.971859184477202,2029.0760115324415,385.0,76.6,93.1,75.5,0.087,,0.85,5,4,1
2026-01-23,2026,1,23,1.2951862589415954,1471.5288018498077,74.3,76.9,93.8,76.0,0.157,,0.85,1,1,1
2026-01-24,2026,1,24,3.215417137605283,1734.0646206279428,184.9,76.6,93.6,75.4,0.331,,0.85,3,2,1
2026-01-25,2026,1,25,4.877210142476396,2103.294646049732,356.5,76.9,94.2,75.0,0.224,,0.85,5,4,1
2026-01-26,2026,1,26,3.0923913766805953,2155.785617833128,245.8,76.7,93.8,76.4,0.35,,0.85,3,3,1
2026-01-27,2026,1,27,3.51759455254105,1773.9212089998957,180.9,76.9,93.1,75.9,0.138,,0.85,3,2,1
2026-01-28,2026,1,28,3.7829947559384687,1890.7291113685662,238.7,77.4,93.6,76.1,0.189,,0.85,3,3,1
2026-01-29,2026,1,29,2.818164259071093,1533.6271568736602,138.2,77.8,94.0,73.5,0.15,,0.85,2,2,1
2026-01-30,2026,1,30,3.5102323203362538,2192.9349009095813,220.3,76.0,93.5,73.6,0.323,,0.85,3,3,1
2026-01-31,2026,1,31,3.337257247692401,1585.3373611067548,167.0,76.9,94.7,73.7,0.165,,0.85,2,2,1
2026-02-01,2026,2,1,4.604632041963956,2154.185419308101,273.5,76.7,93.1,75.9,0.358,,0.85,4,3,1
2026-02-02,2026,2,2,1.1817855213658315,1919.7173191938948,61.3,77.1,93.5,76.8,0.563,,0.85,1,1,1
2026-02-03,2026,2,3,2.1238527583689213,1886.1894359030873,114.0,76.7,94.2,75.9,0.28,,0.85,2,2,1
2026-02-04,2026,2,4,4.801645936306235,1810.1508088132068,343.4,76.6,93.8,76.3,0.283,,0.85,5,4,1
2026-02-05,2026,2,5,4.561055135563665,1584.535849374207,245.7,76.9,94.7,75.6,0.228,,0.85,3,3,1
2026-02-06,2026,2,6,2.8226270111428517,1541.2224256044067,172.0,76.9,94.9,75.0,0.264,,0.85,3,2,1
2026-02-07,2026,2,7,3.480530391206147,1576.3889672561404,178.0,76.4,93.6,75.6,0.287,,0.85,3,2,1
2026-02-08,2026,2,8,2.1095247319245307,1549.1506097154036,100.7,76.9,94.7,76.3,0.22,,0.85,2,1,1
2026-02-09,2026,2,9,1.7524846388950452,2023.6675788534026,118.5,76.7,95.3,76.6,0.28,,0.85,2,2,1
2026-02-10,2026,2,10,2.8547936197599286,1680.100207333384,156.0,77.4,94.7,74.6,0.287,,0.85,2,2,1
2026-02-11,2026,2,11,2.4134089121042113,1446.274141250717,98.0,76.9,94.4,73.5,0.228,,0.85,2,1,1
2026-02-12,2026,2,12,3.3346244474034883,2175.282104112649,255.4,77.8,94.2,74.0,0.236,,0.85,4,3,1
2026-02-13,2026,2,13,1.3109385478599394,2107.0287079707405,81.6,76.6,94.4,73.4,0.114,,0.85,1,1,1
2026-02-14,2026,2,14,4.897579230664666,2142.20182655617,366.4,77.3,95.8,75.7,0.15,,0.85,5,4,1
2026-02-15,2026,2,15,4.9448429779184115,2195.9262581171483,383.7,77.6,95.3,76.0,0.138,,0.85,5,4,1
2026-02-16,2026,2,16,3.7926468560789806,1539.1161993755898,167.5,78.2,94.9,75.2,0.142,,0.85,2,2,1
2026-02-17,2026,2,17,3.1443854653764816,1716.993615122127,148.4,78.0,96.2,73.7,0.154,,0.85,2,2,1
2026-02-18,2026,2,18,2.238110465145311,2006.590780563273,166.5,77.4,95.3,73.5,0.154,,0.85,2,2,1
2026-02-19,2026,2,19,4.255180078827795,1956.8164944430337,273.1,78.2,95.3,75.4,0.185,,0.85,4,3,1
2026-02-20,2026,2,20,3.738924690215517,1523.116725071884,156.3,78.5,95.6,73.4,0.224,,0.85,2,2,1
2026-02-21,2026,2,21,1.6504677573795652,2052.666499992494,135.3,77.6,95.1,74.2,0.157,,0.85,2,2,1
2026-02-22,2026,2,22,4.64370873797537,1579.5524574693286,201.3,78.2,95.8,73.1,0.126,,0.85,3,2,1
2026-02-23,2026,2,23,4.290148971692676,1579.0540918580984,243.4,78.0,95.3,73.7,0.146,,0.85,3,3,1
2026-02-24,2026,2,24,4.799199653167696,1829.5795383147308,349.3,78.3,96.0,74.9,0.094,,0.85,5,4,1
2026-02-25,2026,2,25,3.90287803355344,1874.3519478733624,218.4,79.1,96.0,73.2,0.087,,0.85,3,3,1
2026-02-26,2026,2,26,3.4536607837431594,1864.068966270249,183.9,78.7,95.4,76.4,0.22,,0.85,3,2,1
2026-02-27,2026,2,27,2.6729721451624755,1473.189469918204,111.4,78.0,96.0,77.0,0.382,,0.85,2,2,1
2026-02-28,2026,2,28,4.730913933416053,2101.968690104304,305.4,78.3,96.9,76.8,0.228,,0.85,4,3,1
2026-10-01,2026,10,1,4.464255558001634,1612.4800340709648,201.7,78.7,95.4,82.3,0.831,,0.85,3,2,1
2026-10-02,2026,10,2,1.1808746804247576,1503.6119370262434,63.7,79.1,95.1,81.9,0.709,,0.85,1,1,1
2026-10-03,2026,10,3,1.105467897989008,2110.998463895182,64.2,78.5,96.3,81.3,0.346,,0.85,1,1,1
2026-10-04,2026,10,4,2.5058534675121984,2164.5211985838027,181.5,79.6,95.4,81.2,0.571,,0.85,3,2,1
2026-10-05,2026,10,5,4.242213323127332,2089.7020938123605,354.2,79.4,95.4,81.4,0.661,,0.85,5,4,1
2026-10-06,2026,10,6,4.949104517259778,2047.6128597799025,380.2,79.4,95.4,81.5,0.437,,0.85,5,4,1
2026-10-07,2026,10,7,1.6016675644141127,1924.1935845112175,107.5,79.4,96.0,81.1,0.654,,0.85,2,2,1
2026-10-08,2026,10,8,3.3765228614085405,1840.6858964873113,191.1,78.3,94.2,83.2,0.614,,0.85,3,2,1
2026-10-09,2026,10,9,2.523563426524086,1469.5894079291281,129.7,78.3,95.6,82.9,0.587,,0.85,2,2,1
2026-10-10,2026,10,10,4.879657591258413,1726.762570456559,283.9,79.6,96.2,80.8,0.343,,0.85,4,3,1
2026-10-11,2026,10,11,4.368475692542835,1698.1508136098512,240.0,78.9,94.9,82.2,0.256,,0.85,3,3,1
2026-10-12,2026,10,12,4.353314818844551,1607.8030270082609,198.8,78.2,95.8,84.1,0.602,,0.85,3,2,1
2026-10-13,2026,10,13,2.874772639179881,1978.736090950868,218.9,78.7,95.8,83.1,0.791,,0.85,3,3,1
2026-10-14,2026,10,14,2.6592780093506607,1796.7005880630168,156.1,78.9,96.0,83.2,0.728,,0.85,2,2,1
2026-10-15,2026,10,15,2.093628287722825,1464.8369727261183,89.7,78.7,95.3,83.2,0.839,,0.85,2,1,1
2026-10-16,2026,10,16,1.2255019866037085,1576.146561559849,61.0,78.5,95.1,83.6,0.89,,0.85,1,1,1
2026-10-17,2026,10,17,4.458889505020213,1946.6070109276766,279.4,78.5,95.4,84.0,0.976,,0.85,4,3,1
2026-10-18,2026,10,18,4.251604036520311,1460.9046875922402,234.2,78.5,96.2,84.1,0.528,,0.85,3,3,1
2026-10-19,2026,10,19,4.998870693144522,2080.965531239015,379.2,78.3,95.8,84.7,1.315,,0.85,5,4,1
2026-10-20,2026,10,20,4.9865473482956215,1796.1172216111795,330.7,77.3,94.9,85.7,1.213,,0.77,5,4,1
2026-10-21,2026,10,21,3.22172682241051,1784.4692618613185,154.2,78.2,94.7,83.5,1.083,,0.85,2,2,1
2026-10-22,2026,10,22,4.075949660722042,1873.926227727614,246.1,78.2,94.6,84.2,0.827,,0.85,3,3,1
2026-10-23,2026,10,23,4.7790629195297125,2059.7447727401195,325.7,78.0,95.6,84.1,0.677,,0.85,4,4,1
2026-10-24,2026,10,24,4.398589562709645,1678.2473663217545,198.7,77.8,95.1,84.9,0.697,,0.85,3,2,1
2026-10-25,2026,10,25,1.9893924069727906,1942.412922047251,116.4,78.3,96.3,84.2,0.669,,0.85,2,2,1
2026-10-26,2026,10,26,2.802176541240374,1852.5855711966328,191.1,77.6,94.6,84.6,0.65,,0.85,3,2,1
2026-10-27,2026,10,27,1.51663766060598,1613.622616135537,69.7,77.3,95.1,85.1,0.843,,0.77,1,1,1
2026-10-28,2026,10,28,4.8162041090348895,2102.9039890841264,342.4,77.6,95.1,84.3,0.618,,0.85,5,4,1
2026-10-29,2026,10,29,3.42469853780352,2037.9408172855424,206.1,78.2,95.4,83.4,0.587,,0.85,3,3,1
2026-10-30,2026,10,30,1.9145712220138509,1926.7614677267404,99.0,78.0,94.6,83.9,0.685,,0.85,2,1,1
2026-10-31,2026,10,31,3.686802737623427,2080.4653832753934,229.2,77.4,95.1,84.8,0.815,,0.85,3,3,1
2026-11-01,2026,11,1,3.4725129618315833,2093.835360767842,288.5,77.3,95.1,84.9,0.791,,0.85,4,3,1
2026-11-02,2026,11,2,2.432650872131362,1966.6903813720278,178.7,77.8,95.3,84.5,1.272,,0.85,3,2,1
2026-11-03,2026,11,3,1.454230368798516,2069.6106626909377,118.8,77.4,95.1,84.6,0.52,,0.85,2,2,1
2026-11-04,2026,11,4,3.6862927823711984,1957.9771693354269,239.4,77.3,93.8,84.4,0.689,,0.85,3,3,1
2026-11-05,2026,11,5,3.081230803615173,1944.1126174082403,168.5,77.3,93.6,85.5,0.642,,0.77,3,2,1
2026-11-06,2026,11,6,4.089273566942557,1894.8891025721475,263.2,77.4,95.4,85.1,0.906,,0.77,4,3,1
2026-11-07,2026,11,7,3.0806540044479735,2002.173311646113,201.8,76.9,94.6,85.4,0.457,,0.77,3,3,1
2026-11-08,2026,11,8,4.408726001274161,1526.884084234459,255.3,77.1,95.3,85.4,0.528,,0.77,4,3,1
2026-11-09,2026,11,9,3.207627355097942,2104.696607359143,188.9,77.3,94.2,84.5,1.075,,0.85,3,2,1
2026-11-10,2026,11,10,3.243751886141545,2097.4748221961854,225.7,77.6,95.6,82.0,0.413,,0.85,3,3,1
2026-11-11,2026,11,11,4.5066144106333805,1423.3978264276473,183.9,77.8,95.1,82.9,0.358,,0.85,3,2,1
2026-11-12,2026,11,12,2.613931464849588,2060.6534004518103,167.0,77.8,95.6,83.1,0.457,,0.85,2,2,1
2026-11-13,2026,11,13,1.536060913802563,1503.095893978756,84.3,78.0,95.1,83.4,0.445,,0.85,1,1,1
2026-11-14,2026,11,14,1.115130705253356,1668.0950834073135,61.4,77.6,94.9,82.0,0.52,,0.85,1,1,1
2026-11-15,2026,11,15,4.0205490226944764,1994.8066050332864,254.1,76.6,94.7,83.2,0.457,,0.85,3,3,1
2026-11-16,2026,11,16,3.4812382054138586,1528.6079168386466,169.9,76.9,95.1,82.1,0.465,,0.85,2,2,1
2026-11-17,2026,11,17,3.8163190723968943,2054.3736192952497,257.1,77.3,94.7,82.4,0.709,,0.85,4,3,1
2026-11-18,2026,11,18,1.851856646035643,2065.7073423661936,142.1,77.3,94.9,83.2,0.886,,0.85,2,2,1
2026-11-19,2026,11,19,1.545485902347079,1805.974187008669,107.6,77.3,95.4,84.3,1.012,,0.85,2,2,1
2026-11-20,2026,11,20,1.0581786626715277,1405.1086973734668,58.6,76.0,94.7,87.1,0.307,,0.77,1,1,1
2026-11-21,2026,11,21,2.402350235226388,1629.6305065399301,145.5,77.4,93.8,85.4,0.528,,0.77,2,2,1
2026-11-22,2026,11,22,3.3596707474185323,1893.5415347005937,196.4,76.4,95.3,86.1,0.811,,0.77,3,3,1
2026-11-23,2026,11,23,2.5689761803989293,2184.9489424219387,201.2,77.1,95.3,84.9,1.437,,0.85,3,2,1
2026-11-24,2026,11,24,2.7498996880949163,1905.4508216133347,170.3,76.9,95.3,84.0,0.531,,0.85,3,2,1
2026-11-25,2026,11,25,4.616634777974994,1607.842864851328,223.1,77.3,94.9,82.1,0.657,,0.85,3,3,1
2026-11-26,2026,11,26,2.3930218680932014,1907.204562479689,172.9,77.4,94.4,83.4,0.705,,0.85,3,2,1
2026-11-27,2026,11,27,3.055957956639243,1831.9883037726845,152.2,77.4,94.4,82.7,1.004,,0.85,2,2,1
2026-11-28,2026,11,28,4.134612050964572,2023.876316120915,323.8,77.3,93.6,83.6,0.484,,0.85,4,4,1
2026-11-29,2026,11,29,2.5861711292850806,1485.5845110615667,126.1,77.8,94.0,82.0,0.831,,0.85,2,2,1
2026-11-30,2026,11,30,3.488346800911494,2008.8223220016225,246.4,75.6,93.6,81.5,0.5,,0.85,3,3,1
2026-12-01,2026,12,1,4.44945483498698,1833.0132629408881,289.2,76.6,93.5,81.3,1.012,,0.85,4,3,1
2026-12-02,2026,12,2,4.7980824946305685,2170.3936030871955,402.0,76.9,93.8,83.6,0.5,,0.85,5,4,1
2026-12-03,2026,12,3,1.5882939237161517,1673.4977328309487,93.4,76.7,94.4,83.1,0.409,,0.85,2,1,1
2026-12-04,2026,12,4,4.706350500645978,1906.0975145071584,312.7,76.9,95.1,83.1,0.776,,0.85,4,4,1
2026-12-05,2026,12,5,2.9684651723181528,2145.622484408014,175.5,77.8,94.0,80.8,0.335,,0.85,3,2,1
2026-12-06,2026,12,6,2.0329775531958334,1482.0077823925435,101.2,77.4,94.0,80.8,0.433,,0.85,2,1,1
2026-12-07,2026,12,7,2.8365430249530452,2149.782789789161,174.8,77.8,93.5,81.0,0.28,,0.85,3,2,1
2026-12-08,2026,12,8,4.920130301141908,1950.3085778406507,350.2,77.1,93.8,80.4,0.315,,0.85,5,4,1
2026-12-09,2026,12,9,2.9704723759714784,1454.2696472841376,144.7,77.1,93.5,79.6,0.177,,0.85,2,2,1
2026-12-10,2026,12,10,2.315006441150033,1640.770853557453,135.7,77.4,93.5,79.6,0.323,,0.85,2,2,1
2026-12-11,2026,12,11,3.533603417266903,1966.5376709162251,189.2,77.1,93.5,78.2,0.173,,0.85,3,2,1
2026-12-12,2026,12,12,1.9605824751127723,1453.8804811750174,79.2,77.3,94.0,81.3,0.508,,0.85,1,1,1
2026-12-13,2026,12,13,1.3034533124346557,1865.7363681410186,88.1,77.6,93.8,81.0,0.331,,0.85,2,1,1
2026-12-14,2026,12,14,1.515518887642597,1676.7064455623654,70.2,77.6,94.0,81.2,0.547,,0.85,1,1,1
2026-12-15,2026,12,15,1.5121833558310898,1896.7324142139817,79.2,77.3,92.6,81.6,0.39,,0.85,1,1,1
2026-12-16,2026,12,16,1.6076107740491774,1436.5936270500104,62.0,77.4,93.1,81.3,0.402,,0.85,1,1,1
2026-12-17,2026,12,17,1.5553086905976405,2097.229444921901,128.6,77.1,92.6,82.3,0.752,,0.85,2,2,1
2026-12-18,2026,12,18,3.5634989792128584,2178.7911753419176,283.4,77.3,92.4,83.1,0.752,,0.85,4,3,1
2026-12-19,2026,12,19,1.7275203375965793,2175.1022842285533,117.9,77.3,92.2,83.2,0.354,,0.85,2,2,1
2026-12-20,2026,12,20,2.382669133295453,1999.7214653943397,145.9,77.8,93.3,80.8,0.65,,0.85,2,2,1
2026-12-21,2026,12,21,4.587153639624047,1504.0689921045055,216.2,77.3,93.3,81.3,0.409,,0.85,3,3,1
2026-12-22,2026,12,22,2.8958465610514894,2006.610556743218,215.0,76.7,92.2,81.5,0.535,,0.85,3,3,1
2026-12-23,2026,12,23,3.6702309540841087,1419.6695331670412,184.9,76.2,91.5,80.9,0.465,,0.85,3,2,1
2026-12-24,2026,12,24,1.6892794848065193,1417.6988412231979,69.8,77.4,93.8,80.7,0.713,,0.85,1,1,1
2026-12-25,2026,12,25,1.769156075234683,1658.8881753196329,85.1,77.1,92.6,81.0,0.232,,0.85,2,1,1
2026-12-26,2026,12,26,1.1634744650659155,1790.9145523237326,58.3,77.4,93.1,79.5,0.335,,0.85,1,1,1
2026-12-27,2026,12,27,1.6757402522886582,2016.3259342462345,119.8,77.1,92.0,79.8,0.425,,0.85,2,2,1
2026-12-28,2026,12,28,2.1143613561278345,1946.6363012852041,151.7,77.4,92.6,78.7,0.169,,0.85,2,2,1
2026-12-29,2026,12,29,1.7080419371069873,1756.7221651013988,90.6,77.3,92.0,77.0,0.209,,0.85,2,1,1
2026-12-30,2026,12,30,1.3548101350282225,1618.9013330253326,59.1,77.8,92.9,75.3,0.11,,0.85,1,1,1
2026-12-31,2026,12,31,1.4825434844024032,2197.6996001261687,90.5,77.8,92.7,75.7,0.067,,0.85,2,1,1
